symbol,closed_pnl_bybit,closed_n_bybit,winrate_bybit,wins_bybit,losses_bybit,best_closed_pnl,worst_closed_pnl,buy_close_n,sell_close_n,first_close_utc,last_close_utc,trade_log_n,trade_log_valid_pnl_n,trade_log_valid_pnl_sum,meta_n,avg_conf_trade_meta,min_conf_trade_meta,max_conf_trade_meta,trade_dirs,trade_regimes,trade_buckets,pnl_sources,signals_total,signals_allowed,signals_blocked,signal_avg_conf,signal_dirs,signal_regimes,signal_buckets,top_block_reasons
FHEUSDT,32900.57853267,20,0.8,16,4,6790.93404709,-573.45559707,3,17,2026-05-05 14:04:31,2026-05-06 09:39:25,8,0,0.0,7,0.6539479149622379,0.5528357097761605,0.721774663996145,long:6;short:2,trend:5;chop:2,0.70-0.75:2;0.65-0.70:2;0.55-0.60:2;0.60-0.65:1,missing:8,713,35,678,0.36163506311360416,short:481;long:232,chop:386;trend:327,<0.55:547;0.75+:48;0.55-0.60:35;0.70-0.75:33;0.65-0.70:26;0.60-0.65:24,exposure:481;risk_total_exposure:82;horizon_disagree(agreement=1<2):13;low_conf(conf=0.388<thr=0.55@trend):3;low_conf(conf=0.417<thr=0.55@chop):2
1000NEIROCTOUSDT,8381.41736244,15,0.8666666666666667,13,2,1871.58223396,-256.79637867,14,1,2026-05-05 14:39:14,2026-05-06 09:05:01,1,1,153.66415657,0,0.0,0.0,0.0,long:1,-,-,bybit_closed_pnl:1,682,70,612,0.6040423753665679,short:446;long:236,chop:590;trend:92,<0.55:259;0.75+:227;0.70-0.75:63;0.60-0.65:59;0.65-0.70:41;0.55-0.60:33,exposure:574;low_conf(conf=0.407<thr=0.55@chop):2;low_conf(conf=0.448<thr=0.55@chop):1;low_conf(conf=0.432<thr=0.55@chop):1;low_conf(conf=0.445<thr=0.55@chop):1
TONUSDT,8142.84670543,18,0.7777777777777778,14,4,3213.45822764,-326.02891832,0,18,2026-05-05 14:18:57,2026-05-06 09:04:46,3,1,1446.65139156,0,0.0,0.0,0.0,long:3,-,-,missing:2;bybit_closed_pnl:1,713,52,661,0.7026877980364653,long:712;short:1,chop:372;trend:341,0.75+:332;<0.55:141;0.70-0.75:99;0.65-0.70:73;0.60-0.65:37;0.55-0.60:31,exposure:651;low_conf(conf=0.422<thr=0.55@chop):1;low_conf(conf=0.339<thr=0.55@chop):1;low_conf(conf=0.505<thr=0.55@chop):1;low_conf(conf=0.417<thr=0.55@trend):1
1000LUNCUSDT,6198.09695613,18,0.5555555555555556,10,8,4486.9775603,-455.91321613,0,18,2026-05-05 14:25:13,2026-05-06 10:06:30,2,0,0.0,2,0.7425285514075347,0.6123341992046614,0.872722903610408,long:2,chop:2,0.75+:1;0.60-0.65:1,missing:2,433,46,387,0.5797782909930712,long:329;short:104,chop:307;trend:126,<0.55:163;0.75+:160;0.70-0.75:41;0.65-0.70:39;0.60-0.65:25;0.55-0.60:5,exposure:290;risk_total_exposure:41;horizon_disagree(agreement=1<2):5;low_conf(conf=0.134<thr=0.55@trend):2;low_conf(conf=0.201<thr=0.55@chop):2
PRLUSDT,4854.664744749999,17,1.0,17,0,1682.18678689,105.68320245,17,0,2026-05-05 15:25:25,2026-05-06 09:04:38,1,1,196.37721611,0,0.0,0.0,0.0,short:1,-,-,bybit_closed_pnl:1,717,50,667,0.5284482566248258,short:713;long:4,chop:714;trend:3,<0.55:349;0.75+:100;0.60-0.65:83;0.55-0.60:76;0.70-0.75:65;0.65-0.70:44,exposure:606;horizon_disagree(agreement=1<2):4;low_conf(conf=0.433<thr=0.55@chop):4;low_conf(conf=0.413<thr=0.55@chop):2;low_conf(conf=0.493<thr=0.55@chop):2
ORCAUSDT,4339.529722249998,35,0.6,21,14,363.42292341,-106.77496549,35,0,2026-05-05 14:27:27,2026-05-06 07:26:21,1,0,0.0,1,0.8128417017075041,0.8128417017075041,0.8128417017075041,short:1,chop:1,0.75+:1,missing:1,640,54,586,0.6296246874999991,short:465;long:175,trend:457;chop:183,0.75+:307;<0.55:207;0.70-0.75:46;0.65-0.70:34;0.60-0.65:25;0.55-0.60:21,exposure:558;horizon_disagree(agreement=1<2):3;low_conf(conf=0.428<thr=0.55@trend):1;low_conf(conf=0.101<thr=0.55@trend):1;low_conf(conf=0.480<thr=0.55@trend):1
ZROUSDT,2861.9200591100002,15,0.8666666666666667,13,2,984.98602199,-102.11311557,15,0,2026-05-05 14:14:17,2026-05-06 05:13:41,1,0,0.0,1,0.6061088712158715,0.6061088712158715,0.6061088712158715,short:1,trend:1,0.60-0.65:1,missing:1,576,50,526,0.53443125,short:505;long:71,chop:362;trend:214,<0.55:262;0.75+:196;0.70-0.75:38;0.60-0.65:32;0.65-0.70:24;0.55-0.60:24,exposure:485;horizon_disagree(agreement=1<2):9;low_conf(conf=0.480<thr=0.55@chop):1;low_conf(conf=0.069<thr=0.55@chop):1;low_conf(conf=0.314<thr=0.55@chop):1
TSTBSCUSDT,2306.8143186199995,8,0.75,6,2,658.17624803,-130.71519969,6,2,2026-05-05 19:07:42,2026-05-06 09:04:51,2,1,-41.04198546,0,0.0,0.0,0.0,short:1;long:1,-,-,missing:1;bybit_closed_pnl:1,489,20,469,0.34572719836400845,long:290;short:199,chop:454;trend:34;breakout:1,<0.55:415;0.55-0.60:34;0.75+:24;0.60-0.65:7;0.65-0.70:6;0.70-0.75:3,exposure:394;risk_total_exposure:17;low_conf(conf=0.186<thr=0.55@chop):2;low_conf(conf=0.242<thr=0.55@chop):2;low_conf(conf=0.139<thr=0.55@chop):2
CFXUSDT,1808.3371752300002,9,0.8888888888888888,8,1,441.84302687,-111.394817,7,2,2026-05-06 01:45:33,2026-05-06 09:04:43,0,0,0.0,0,0.0,0.0,0.0,-,-,-,-,289,15,274,0.3805889273356404,short:205;long:84,trend:224;chop:65,<0.55:177;0.75+:47;0.70-0.75:18;0.55-0.60:18;0.65-0.70:15;0.60-0.65:14,exposure:241;horizon_disagree(agreement=1<2):11;risk_total_exposure:7;low_conf(conf=0.165<thr=0.55@chop):2;low_conf(conf=0.512<thr=0.55@trend):1
AXLUSDT,1340.24121126,10,0.9,9,1,412.86482941,-163.1753058,2,8,2026-05-05 15:06:48,2026-05-06 09:04:57,4,1,412.86482941,3,0.8442850773723228,0.8028120684336931,0.8782012874878722,long:2;short:2,breakout:3,0.75+:3,missing:3;bybit_closed_pnl:1,342,18,324,0.4464230994152048,long:189;short:153,chop:217;breakout:104;trend:21,<0.55:215;0.75+:62;0.55-0.60:21;0.65-0.70:18;0.60-0.65:16;0.70-0.75:10,exposure:249;horizon_disagree(agreement=1<2):14;risk_total_exposure:14;low_conf(conf=0.152<thr=0.55@chop):2;low_conf(conf=0.129<thr=0.55@breakout):2
ICPUSDT,1163.9628157899997,10,0.7,7,3,523.33576045,-90.93190728,4,6,2026-05-05 13:46:21,2026-05-06 09:04:28,4,1,523.33576045,2,0.5921739282940119,0.5547104987724856,0.6296373578155384,long:3;short:1,chop:1;trend:1,0.55-0.60:1;0.60-0.65:1,missing:3;bybit_closed_pnl:1,682,16,666,0.39213416422287395,long:442;short:240,trend:599;chop:83,<0.55:524;0.55-0.60:48;0.75+:48;0.65-0.70:25;0.70-0.75:22;0.60-0.65:15,exposure:409;risk_total_exposure:134;horizon_disagree(agreement=1<2):18;low_conf(conf=0.493<thr=0.55@trend):2;low_conf(conf=0.371<thr=0.55@trend):2
PARTIUSDT,1142.5628059599997,38,0.7894736842105263,30,8,88.79045497,-56.19616676,38,0,2026-05-05 14:14:24,2026-05-06 09:50:03,0,0,0.0,0,0.0,0.0,0.0,-,-,-,-,711,65,646,0.5003621659634321,short:521;long:190,chop:469;trend:242,<0.55:372;0.75+:143;0.60-0.65:59;0.65-0.70:48;0.70-0.75:48;0.55-0.60:41,exposure:598;low_conf(conf=0.492<thr=0.55@chop):2;low_conf(conf=0.481<thr=0.55@chop):1;low_conf(conf=0.530<thr=0.55@chop):1;low_conf(conf=0.117<thr=0.55@chop):1
AKTUSDT,742.5172715699999,4,1.0,4,0,316.49631042,125.77061241,0,4,2026-05-06 06:34:55,2026-05-06 09:04:20,2,1,316.49631042,1,0.9780971095218159,0.9780971095218159,0.9780971095218159,long:2,trend:1,0.75+:1,missing:1;bybit_closed_pnl:1,92,11,81,0.6009489130434782,long:92,trend:92,<0.55:32;0.75+:28;0.70-0.75:13;0.55-0.60:7;0.60-0.65:6;0.65-0.70:6,exposure:73;low_conf(conf=0.454<thr=0.55@trend):2;low_conf(conf=0.111<thr=0.55@trend):1;low_conf(conf=0.108<thr=0.55@trend):1;low_conf(conf=0.356<thr=0.55@trend):1
HIVEUSDT,674.5420278500001,3,1.0,3,0,453.27035467,95.95982303,3,0,2026-05-05 23:30:49,2026-05-06 06:02:50,1,0,0.0,1,0.8849432796937116,0.8849432796937116,0.8849432796937116,long:1,chop:1,0.75+:1,missing:1,383,4,379,0.21961488250652744,short:239;long:144,chop:383,<0.55:353;0.60-0.65:12;0.65-0.70:8;0.70-0.75:4;0.55-0.60:3;0.75+:3,exposure:245;risk_total_exposure:46;horizon_disagree(agreement=1<2):19;low_conf(conf=0.096<thr=0.55@chop):2;low_conf(conf=0.321<thr=0.55@chop):2
MAVIAUSDT,572.5252127800001,3,1.0,3,0,199.30021385,183.20753923,3,0,2026-05-06 09:04:35,2026-05-06 10:06:27,0,0,0.0,0,0.0,0.0,0.0,-,-,-,-,87,17,70,0.8846540229885057,short:87,chop:87,0.75+:86;0.70-0.75:1,exposure:70
PIPPINUSDT,552.92881328,4,0.75,3,1,465.99876383,-151.57531052,2,2,2026-05-06 04:29:50,2026-05-06 09:53:29,2,0,0.0,2,0.7120732760265462,0.6286868471381801,0.7954597049149125,short:2,trend:2,0.60-0.65:1;0.75+:1,missing:2,177,10,167,0.6072429378531077,long:120;short:57,trend:135;chop:42,0.75+:63;<0.55:56;0.65-0.70:20;0.70-0.75:17;0.55-0.60:13;0.60-0.65:8,exposure:149;risk_total_exposure:15;low_conf(conf=0.252<thr=0.55@trend):1;low_conf(conf=0.180<thr=0.55@trend):1;low_conf(conf=0.481<thr=0.55@trend):1
ORDIUSDT,489.70677097000004,3,1.0,3,0,388.45597664,16.59789222,0,3,2026-05-05 15:35:55,2026-05-05 17:20:18,1,0,0.0,1,0.7807882279996738,0.7807882279996738,0.7807882279996738,long:1,trend:1,0.75+:1,missing:1,103,4,99,0.30867961165048546,long:60;short:43,trend:103,<0.55:83;0.75+:14;0.70-0.75:4;0.60-0.65:2,exposure:87;low_conf(conf=0.102<thr=0.55@trend):1;low_conf(conf=0.117<thr=0.55@trend):1;low_conf(conf=0.153<thr=0.55@trend):1;low_conf(conf=0.143<thr=0.55@trend):1
SPXUSDT,371.19555205999995,6,0.6666666666666666,4,2,316.30314645,-94.9032702,6,0,2026-05-05 13:48:43,2026-05-05 19:17:26,2,0,0.0,1,0.8169392321121624,0.8169392321121624,0.8169392321121624,short:2,chop:1,0.75+:1,missing:2,229,12,217,0.3873043668122269,short:182;long:47,chop:207;trend:22,<0.55:164;0.75+:33;0.65-0.70:10;0.60-0.65:10;0.70-0.75:6;0.55-0.60:6,exposure:191;low_conf(conf=0.529<thr=0.55@chop):1;low_conf(conf=0.270<thr=0.55@chop):1;low_conf(conf=0.245<thr=0.55@chop):1;low_conf(conf=0.292<thr=0.55@chop):1
BASEDUSDT,240.93036522000006,10,0.7,7,3,154.06122017,-159.1617503,10,0,2026-05-05 16:28:15,2026-05-05 22:17:29,6,0,0.0,5,0.6696858769745146,0.5630303068453871,0.7969562630144122,short:6,trend:3;chop:2,0.60-0.65:1;0.75+:1;0.70-0.75:1;0.55-0.60:1;0.65-0.70:1,missing:6,249,35,214,0.49656586345381537,short:195;long:54,trend:174;chop:75,<0.55:129;0.75+:64;0.55-0.60:17;0.65-0.70:16;0.70-0.75:13;0.60-0.65:10,exposure:145;risk_total_exposure:30;horizon_disagree(agreement=1<2):7;low_conf(conf=0.149<thr=0.55@chop):2;low_conf(conf=0.205<thr=0.55@trend):2
ENAUSDT,154.60092954000004,8,0.625,5,3,204.53389687,-223.97362141,8,0,2026-05-05 15:32:59,2026-05-06 01:11:52,6,0,0.0,4,0.8111707801332136,0.6932820307907895,0.9392789733204108,short:6,chop:3;trend:1,0.75+:2;0.70-0.75:1;0.65-0.70:1,missing:6,407,21,386,0.6609599508599505,short:398;long:9,trend:208;chop:199,0.75+:206;<0.55:109;0.65-0.70:31;0.70-0.75:25;0.60-0.65:21;0.55-0.60:15,exposure:331;risk_total_exposure:7;horizon_disagree(agreement=1<2):7;low_conf(conf=0.048<thr=0.55@chop):3;low_conf(conf=0.238<thr=0.55@chop):2
GALAUSDT,130.83154363,8,0.625,5,3,158.74969448,-140.85884961,0,8,2026-05-05 22:31:17,2026-05-06 08:32:09,6,0,0.0,5,0.6383920188649164,0.6054345515917315,0.7174445815321207,long:6,chop:4;trend:1,0.60-0.65:4;0.70-0.75:1,missing:6,446,8,438,0.44891008968609886,long:394;short:52,trend:304;chop:142,<0.55:256;0.75+:57;0.60-0.65:44;0.70-0.75:32;0.65-0.70:29;0.55-0.60:28,exposure:236;risk_total_exposure:71;horizon_disagree(agreement=1<2):16;low_conf(conf=0.238<thr=0.55@trend):3;low_conf(conf=0.096<thr=0.55@trend):3
BIOUSDT,115.82140809999999,6,0.6666666666666666,4,2,132.18768015,-151.61541801,4,2,2026-05-05 14:48:19,2026-05-06 01:11:28,6,0,0.0,5,0.625598124036775,0.5769673486386698,0.7386955445600293,short:4;long:2,chop:4;trend:1,0.55-0.60:2;0.60-0.65:2;0.70-0.75:1,missing:6,286,10,276,0.3889031468531468,long:147;short:139,chop:213;trend:73,<0.55:207;0.55-0.60:18;0.70-0.75:16;0.60-0.65:15;0.65-0.70:15;0.75+:15,exposure:217;risk_total_exposure:8;horizon_disagree(agreement=1<2):3;low_conf(conf=0.126<thr=0.55@chop):2;low_conf(conf=0.530<thr=0.55@trend):2
JTOUSDT,62.080121860000006,7,0.42857142857142855,3,4,187.20736259,-114.77186045,3,4,2026-05-05 18:01:05,2026-05-05 21:33:55,2,0,0.0,2,0.600224456588881,0.5571868365754852,0.6432620766022769,short:1;long:1,trend:2,0.60-0.65:1;0.55-0.60:1,missing:2,146,13,133,0.40283904109589036,short:86;long:60,trend:142;chop:4,<0.55:85;0.55-0.60:27;0.65-0.70:12;0.60-0.65:9;0.75+:7;0.70-0.75:6,exposure:100;risk_total_exposure:13;low_conf(conf=0.031<thr=0.55@trend):2;low_conf(conf=0.489<thr=0.55@trend):1;low_conf(conf=0.303<thr=0.55@trend):1
STEEMUSDT,26.19520362,9,0.4444444444444444,4,5,348.56952946,-203.85384112,2,7,2026-05-05 16:39:44,2026-05-06 09:04:56,4,1,-29.13402672,3,0.7371325383701258,0.707595948526613,0.7657156128195816,long:2;short:2,chop:3,0.70-0.75:2;0.75+:1,missing:3;bybit_closed_pnl:1,558,24,534,0.41199516129032243,long:403;short:155,chop:396;trend:162,<0.55:378;0.75+:71;0.70-0.75:39;0.55-0.60:29;0.65-0.70:22;0.60-0.65:19,exposure:404;risk_total_exposure:37;horizon_disagree(agreement=1<2):6;low_conf(conf=0.112<thr=0.55@trend):3;low_conf(conf=0.209<thr=0.55@trend):2
CLUSDT,0.0,0,0.0,0,0,0.0,0.0,0,0,,,0,0,0.0,0,0.0,0.0,0.0,-,-,-,-,1,0,1,0.9402,long:1,trend:1,0.75+:1,risk_total_exposure:1
EIGENUSDT,0.0,0,0.0,0,0,0.0,0.0,0,0,,,0,0,0.0,0,0.0,0.0,0.0,-,-,-,-,1,0,1,0.1525,short:1,trend:1,<0.55:1,risk_total_exposure:1
JUPUSDT,0.0,0,0.0,0,0,0.0,0.0,0,0,,,0,0,0.0,0,0.0,0.0,0.0,-,-,-,-,8,0,8,0.34393749999999995,short:7;long:1,trend:8,<0.55:8,low_conf(conf=0.404<thr=0.55@trend):1;low_conf(conf=0.414<thr=0.55@trend):1;low_conf(conf=0.134<thr=0.55@trend):1;low_conf(conf=0.374<thr=0.55@trend):1;low_conf(conf=0.288<thr=0.55@trend):1
LABUSDT,0.0,0,0.0,0,0,0.0,0.0,0,0,,,0,0,0.0,0,0.0,0.0,0.0,-,-,-,-,2,2,0,0.88455,short:2,chop:2,0.75+:2,-
MORPHOUSDT,0.0,0,0.0,0,0,0.0,0.0,0,0,,,0,0,0.0,0,0.0,0.0,0.0,-,-,-,-,4,0,4,0.19725,short:4,chop:3;trend:1,<0.55:4,risk_total_exposure:3;low_conf(conf=0.162<thr=0.55@chop):1
NEARUSDT,0.0,0,0.0,0,0,0.0,0.0,0,0,,,0,0,0.0,0,0.0,0.0,0.0,-,-,-,-,2,0,2,0.65475,short:1;long:1,trend:2,<0.55:1;0.75+:1,risk_total_exposure:2
OPGUSDT,0.0,0,0.0,0,0,0.0,0.0,0,0,,,0,0,0.0,0,0.0,0.0,0.0,-,-,-,-,4,0,4,0.286175,long:4,chop:4,<0.55:4,low_conf(conf=0.191<thr=0.55@chop):1;low_conf(conf=0.314<thr=0.55@chop):1;low_conf(conf=0.370<thr=0.55@chop):1;risk_total_exposure:1
POPCATUSDT,0.0,0,0.0,0,0,0.0,0.0,0,0,,,0,0,0.0,0,0.0,0.0,0.0,-,-,-,-,9,0,9,0.8895555555555558,short:9,trend:9,0.75+:9,risk_total_exposure:9
RAVEUSDT,0.0,0,0.0,0,0,0.0,0.0,0,0,,,0,0,0.0,0,0.0,0.0,0.0,-,-,-,-,1,0,1,0.4121,short:1,chop:1,<0.55:1,risk_total_exposure:1
VVVUSDT,0.0,0,0.0,0,0,0.0,0.0,0,0,,,0,0,0.0,0,0.0,0.0,0.0,-,-,-,-,3,0,3,0.4633333333333333,long:2;short:1,trend:2;chop:1,<0.55:2;0.75+:1,risk_total_exposure:2;low_conf(conf=0.469<thr=0.55@trend):1
WLFIUSDT,0.0,0,0.0,0,0,0.0,0.0,0,0,,,0,0,0.0,0,0.0,0.0,0.0,-,-,-,-,4,0,4,0.2476,long:4,chop:4,<0.55:4,low_conf(conf=0.214<thr=0.55@chop):1;low_conf(conf=0.193<thr=0.55@chop):1;low_conf(conf=0.195<thr=0.55@chop):1;low_conf(conf=0.388<thr=0.55@chop):1
GIGGLEUSDT,-10.98930811999999,7,0.42857142857142855,3,4,590.53339306,-248.92025457,0,7,2026-05-05 14:13:28,2026-05-06 01:11:56,1,0,0.0,0,0.0,0.0,0.0,long:1,-,-,missing:1,435,20,415,0.46578574712643583,long:376;short:59,chop:346;trend:89,<0.55:264;0.75+:78;0.55-0.60:30;0.60-0.65:25;0.65-0.70:23;0.70-0.75:15,exposure:368;low_conf(conf=0.389<thr=0.55@chop):2;low_conf(conf=0.247<thr=0.55@chop):2;low_conf(conf=0.444<thr=0.55@chop):2;horizon_disagree(agreement=1<2):2
VIRTUALUSDT,-50.178557940000005,12,0.5,6,6,124.47108694,-146.77043732,12,0,2026-05-05 16:28:17,2026-05-06 09:04:59,11,1,-53.91615061,10,0.7730616015451701,0.5952973561009681,0.9344203865816753,short:11,trend:10,0.75+:7;0.65-0.70:1;0.70-0.75:1;0.55-0.60:1,missing:10;bybit_closed_pnl:1,519,20,499,0.4107038535645466,short:375;long:144,trend:336;chop:183,<0.55:354;0.75+:108;0.55-0.60:19;0.60-0.65:14;0.65-0.70:12;0.70-0.75:12,exposure:394;risk_total_exposure:75;low_conf(conf=0.363<thr=0.55@trend):2;low_conf(conf=0.198<thr=0.55@chop):2;low_conf(conf=0.310<thr=0.55@trend):1
ATHUSDT,-105.54417385,1,0.0,0,1,-105.54417385,-105.54417385,1,0,2026-05-06 09:04:41,2026-05-06 09:04:41,1,1,-105.54417385,0,0.0,0.0,0.0,short:1,-,-,bybit_closed_pnl:1,30,3,27,0.4963766666666667,short:30,trend:30,<0.55:20;0.75+:5;0.70-0.75:2;0.65-0.70:2;0.60-0.65:1,exposure:14;risk_total_exposure:6;low_conf(conf=0.471<thr=0.55@trend):1;low_conf(conf=0.235<thr=0.55@trend):1;low_conf(conf=0.203<thr=0.55@trend):1
STRKUSDT,-174.73271896000003,4,0.5,2,2,104.74013774,-233.22192566,4,0,2026-05-06 03:46:21,2026-05-06 09:08:42,4,1,92.0967833,3,0.6956377252334814,0.6272193698622935,0.746151335877577,short:4,trend:3,0.70-0.75:2;0.60-0.65:1,missing:3;bybit_closed_pnl:1,92,4,88,0.3633728260869565,short:91;long:1,trend:92,<0.55:68;0.75+:12;0.70-0.75:5;0.60-0.65:3;0.55-0.60:2;0.65-0.70:2,exposure:26;risk_total_exposure:25;horizon_disagree(agreement=1<2):13;low_conf(conf=0.282<thr=0.55@trend):2;low_conf(conf=0.253<thr=0.55@trend):1
B3USDT,-241.70447509,2,0.5,1,1,22.33767203,-264.04214712,2,0,2026-05-06 07:43:55,2026-05-06 09:04:30,0,0,0.0,0,0.0,0.0,0.0,-,-,-,-,95,8,87,0.5508200000000004,short:93;long:2,chop:87;trend:8,<0.55:46;0.75+:27;0.55-0.60:7;0.70-0.75:6;0.60-0.65:5;0.65-0.70:4,exposure:75;risk_total_exposure:2;horizon_disagree(agreement=1<2):2;low_conf(conf=0.320<thr=0.55@chop):1;low_conf(conf=0.467<thr=0.55@chop):1
STORJUSDT,-251.88045067999997,5,0.4,2,3,308.51196095,-346.18315312,0,5,2026-05-06 06:12:07,2026-05-06 10:08:57,0,0,0.0,0,0.0,0.0,0.0,-,-,-,-,119,17,102,0.7745109243697479,long:119,chop:65;trend:54,0.75+:76;<0.55:19;0.70-0.75:8;0.65-0.70:8;0.60-0.65:6;0.55-0.60:2,exposure:96;risk_total_exposure:1;low_conf(conf=0.490<thr=0.55@trend):1;low_conf(conf=0.246<thr=0.55@trend):1;low_conf(conf=0.532<thr=0.55@chop):1
MUSDT,-330.69086678,1,0.0,0,1,-330.69086678,-330.69086678,1,0,2026-05-05 21:00:35,2026-05-05 21:00:35,1,0,0.0,1,0.8372014455832677,0.8372014455832677,0.8372014455832677,short:1,chop:1,0.75+:1,missing:1,36,1,35,0.588761111111111,short:36,chop:36,<0.55:16;0.75+:16;0.70-0.75:3;0.65-0.70:1,exposure:29;risk_total_exposure:2;horizon_disagree(agreement=1<2):2;low_conf(conf=0.488<thr=0.55@chop):1;low_conf(conf=0.461<thr=0.55@chop):1
CFGUSDT,-341.99857693,16,0.4375,7,9,346.57978928,-249.97480723,16,0,2026-05-05 14:33:03,2026-05-06 09:55:33,6,1,-249.97480723,3,0.7841222241790143,0.5641906612448155,0.899530387647371,short:6,trend:3,0.75+:2;0.55-0.60:1,missing:5;bybit_closed_pnl:1,680,30,650,0.3806426470588236,short:486;long:194,chop:454;trend:226,<0.55:494;0.75+:73;0.60-0.65:39;0.55-0.60:26;0.70-0.75:26;0.65-0.70:22,exposure:395;risk_total_exposure:54;horizon_disagree(agreement=1<2):8;low_conf(conf=0.182<thr=0.55@chop):6;low_conf(conf=0.277<thr=0.55@chop):4
1000TAGUSDT,-343.97393325,1,0.0,0,1,-343.97393325,-343.97393325,0,1,2026-05-05 21:39:07,2026-05-05 21:39:07,1,0,0.0,1,0.6730976841569687,0.6730976841569687,0.6730976841569687,long:1,chop:1,0.65-0.70:1,missing:1,70,5,65,0.27096428571428566,long:39;short:31,chop:70,<0.55:56;0.65-0.70:4;0.55-0.60:4;0.70-0.75:3;0.60-0.65:2;0.75+:1,exposure:54;horizon_disagree(agreement=1<2):2;low_conf(conf=0.434<thr=0.55@chop):1;low_conf(conf=0.122<thr=0.55@chop):1;low_conf(conf=0.003<thr=0.55@chop):1
PENGUUSDT,-354.8411426100001,14,0.42857142857142855,6,8,222.53358206,-375.26157925,6,8,2026-05-05 14:02:10,2026-05-06 08:45:24,10,0,0.0,8,0.6735623676880631,0.5719643776261998,0.8220774003728859,short:6;long:4,trend:5;chop:3,0.55-0.60:2;0.65-0.70:2;0.75+:2;0.60-0.65:2,missing:10,670,16,654,0.4141911940298511,long:525;short:145,chop:527;trend:143,<0.55:443;0.75+:97;0.55-0.60:43;0.60-0.65:37;0.65-0.70:30;0.70-0.75:20,exposure:571;horizon_disagree(agreement=1<2):9;risk_total_exposure:7;low_conf(conf=0.024<thr=0.55@trend):2;low_conf(conf=0.408<thr=0.55@chop):2
HYPERUSDT,-361.88827287,6,0.0,0,6,-35.10043787,-88.85995093,0,6,2026-05-05 21:34:08,2026-05-06 01:11:26,2,0,0.0,1,0.5952916680633987,0.5952916680633987,0.5952916680633987,long:2,chop:1,0.55-0.60:1,missing:2,351,9,342,0.35054928774928773,long:241;short:110,chop:312;trend:39,<0.55:256;0.75+:44;0.55-0.60:18;0.65-0.70:14;0.60-0.65:11;0.70-0.75:8,exposure:104;risk_total_exposure:99;horizon_disagree(agreement=1<2):27;low_conf(conf=0.086<thr=0.55@chop):5;low_conf(conf=0.129<thr=0.55@chop):3
DASHUSDT,-392.34514484000005,5,0.8,4,1,316.90807151,-1091.18811907,2,3,2026-05-05 16:30:57,2026-05-06 09:04:52,2,1,-1091.18811907,0,0.0,0.0,0.0,long:1;short:1,-,-,missing:1;bybit_closed_pnl:1,453,11,442,0.3698637969094926,short:239;long:214,trend:294;chop:159,<0.55:359;0.65-0.70:28;0.55-0.60:26;0.60-0.65:21;0.75+:10;0.70-0.75:9,exposure:381;horizon_disagree(agreement=1<2):5;risk_total_exposure:3;low_conf(conf=0.178<thr=0.55@chop):2;low_conf(conf=0.398<thr=0.55@chop):2
BLENDUSDT,-505.43386469999996,4,0.25,1,3,8.7049476,-245.4552639,0,4,2026-05-05 19:07:46,2026-05-06 09:05:06,0,0,0.0,0,0.0,0.0,0.0,-,-,-,-,621,11,610,0.36641239935587755,long:485;short:136,chop:529;trend:92,<0.55:463;0.65-0.70:74;0.60-0.65:37;0.55-0.60:26;0.70-0.75:20;0.75+:1,exposure:533;risk_total_exposure:15;low_conf(conf=0.499<thr=0.55@chop):2;low_conf(conf=0.096<thr=0.55@chop):2;low_conf(conf=0.189<thr=0.55@chop):2
WIFUSDT,-615.25648853,11,0.36363636363636365,4,7,243.25118887,-423.92933267,11,0,2026-05-06 02:39:53,2026-05-06 09:04:49,1,1,143.25367574,0,0.0,0.0,0.0,short:1,-,-,bybit_closed_pnl:1,230,13,217,0.6514021739130439,short:223;long:7,trend:223;chop:7,0.75+:106;<0.55:86;0.70-0.75:22;0.65-0.70:14;0.55-0.60:1;0.60-0.65:1,exposure:178;risk_total_exposure:12;horizon_disagree(agreement=1<2):2;low_conf(conf=0.244<thr=0.55@trend):2;low_conf(conf=0.382<thr=0.55@trend):2
STXUSDT,-650.2767910000001,8,0.375,3,5,281.10710171,-366.93430266,8,0,2026-05-05 19:45:48,2026-05-06 09:04:27,4,0,0.0,4,0.8456798469709728,0.7628800806636883,0.9192842563757455,short:4,trend:4,0.75+:4,missing:4,474,22,452,0.5701736286919837,short:463;long:11,chop:321;trend:153,<0.55:187;0.75+:172;0.55-0.60:49;0.70-0.75:24;0.65-0.70:21;0.60-0.65:21,exposure:421;risk_total_exposure:24;low_conf(conf=0.471<thr=0.55@trend):1;low_conf(conf=0.464<thr=0.55@chop):1;low_conf(conf=0.236<thr=0.55@chop):1
ZBTUSDT,-701.17761406,3,0.0,0,3,-91.32240261,-466.08290191,0,3,2026-05-05 19:53:08,2026-05-06 01:11:46,1,0,0.0,0,0.0,0.0,0.0,long:1,-,-,missing:1,218,20,198,0.528922018348624,long:217;short:1,trend:178;chop:40,<0.55:113;0.75+:46;0.70-0.75:20;0.65-0.70:19;0.60-0.65:16;0.55-0.60:4,exposure:174;risk_total_exposure:13;low_conf(conf=0.525<thr=0.55@chop):1;low_conf(conf=0.515<thr=0.55@chop):1;low_conf(conf=0.416<thr=0.55@chop):1
BOMEUSDT,-824.5899470800001,10,0.3,3,7,88.46173364,-234.27496565,10,0,2026-05-05 14:31:51,2026-05-06 09:04:54,0,0,0.0,0,0.0,0.0,0.0,-,-,-,-,710,17,693,0.38701802816901354,short:548;long:162,chop:391;trend:319,<0.55:555;0.75+:68;0.55-0.60:45;0.60-0.65:21;0.65-0.70:16;0.70-0.75:5,exposure:623;horizon_disagree(agreement=1<2):10;low_conf(conf=0.528<thr=0.55@chop):2;low_conf(conf=0.199<thr=0.55@chop):2;low_conf(conf=0.196<thr=0.55@trend):2
FILUSDT,-841.2721919300002,12,0.4166666666666667,5,7,171.19310472,-339.98381818,12,0,2026-05-06 02:05:14,2026-05-06 09:41:41,2,1,-294.07680684,1,0.9564016854623766,0.9564016854623766,0.9564016854623766,short:2,trend:1,0.75+:1,missing:1;bybit_closed_pnl:1,226,17,209,0.8277933628318587,short:226,trend:206;chop:20,0.75+:179;<0.55:30;0.70-0.75:8;0.60-0.65:6;0.55-0.60:2;0.65-0.70:1,exposure:207;low_conf(conf=0.514<thr=0.55@trend):1;low_conf(conf=0.462<thr=0.55@chop):1
LITUSDT,-957.9910844200003,15,0.5333333333333333,8,7,481.51815431,-889.14687828,15,0,2026-05-05 19:34:53,2026-05-06 09:41:38,0,0,0.0,0,0.0,0.0,0.0,-,-,-,-,491,38,453,0.5243945010183301,short:428;long:63,chop:372;trend:119,<0.55:222;0.75+:104;0.60-0.65:50;0.65-0.70:42;0.55-0.60:37;0.70-0.75:36,exposure:413;horizon_disagree(agreement=1<2):3;low_conf(conf=0.439<thr=0.55@trend):2;low_conf(conf=0.358<thr=0.55@chop):2;low_conf(conf=0.440<thr=0.55@trend):1
ZENUSDT,-1051.0235693,4,0.25,1,3,228.55682449,-914.83145291,4,0,2026-05-06 06:06:02,2026-05-06 09:14:05,2,2,-686.27462842,1,0.7671723086311236,0.7671723086311236,0.7671723086311236,short:2,trend:1,0.75+:1,bybit_closed_pnl:2,147,7,140,0.4668129251700683,short:82;long:65,trend:79;chop:68,<0.55:82;0.75+:24;0.70-0.75:14;0.65-0.70:11;0.55-0.60:10;0.60-0.65:6,exposure:115;risk_total_exposure:3;horizon_disagree(agreement=1<2):2;low_conf(conf=0.220<thr=0.55@trend):1;low_conf(conf=0.299<thr=0.55@trend):1
HMSTRUSDT,-1723.8035636199997,24,0.20833333333333334,5,19,1074.62853623,-620.41032256,18,6,2026-05-05 15:52:37,2026-05-06 09:33:15,1,1,517.99152625,0,0.0,0.0,0.0,long:1,-,-,bybit_closed_pnl:1,717,52,665,0.5462796373779646,short:453;long:264,chop:455;trend:262,<0.55:340;0.75+:236;0.70-0.75:60;0.65-0.70:38;0.55-0.60:25;0.60-0.65:18,exposure:597;horizon_disagree(agreement=1<2):7;low_conf(conf=0.370<thr=0.55@chop):2;low_conf(conf=0.249<thr=0.55@chop):2;low_conf(conf=0.489<thr=0.55@chop):2
FARTCOINUSDT,-1874.4701350599998,18,0.3888888888888889,7,11,150.70016563,-919.69079779,18,0,2026-05-05 20:00:48,2026-05-06 09:57:45,3,2,-1100.25004904,1,0.933513665622712,0.933513665622712,0.933513665622712,short:3,trend:1,0.75+:1,bybit_closed_pnl:2;missing:1,458,31,427,0.7052316593886464,short:433;long:25,trend:391;chop:67,0.75+:274;<0.55:108;0.55-0.60:22;0.70-0.75:20;0.60-0.65:18;0.65-0.70:16,exposure:412;risk_total_exposure:6;low_conf(conf=0.064<thr=0.55@trend):1;low_conf(conf=0.104<thr=0.55@trend):1;low_conf(conf=0.332<thr=0.55@trend):1
BSBUSDT,-3066.9093704800002,3,0.0,0,3,-263.20722776,-2463.25821983,0,3,2026-05-06 04:33:30,2026-05-06 09:05:04,2,1,-2463.25821983,1,0.5690684521117253,0.5690684521117253,0.5690684521117253,long:2,chop:1,0.55-0.60:1,missing:1;bybit_closed_pnl:1,365,7,358,0.3212860273972604,long:233;short:132,chop:193;trend:172,<0.55:307;0.75+:28;0.60-0.65:13;0.65-0.70:9;0.70-0.75:5;0.55-0.60:3,exposure:140;risk_total_exposure:94;horizon_disagree(agreement=1<2):13;low_conf(conf=0.215<thr=0.55@chop):2;low_conf(conf=0.279<thr=0.55@chop):2
ZECUSDT,-5253.5729139000005,9,0.3333333333333333,3,6,308.0269027,-4089.66381084,8,1,2026-05-05 21:06:20,2026-05-06 08:05:41,6,0,0.0,6,0.7031426972221252,0.5709049091857209,0.9429882118750915,short:5;long:1,trend:6,0.60-0.65:2;0.75+:2;0.55-0.60:1;0.65-0.70:1,missing:6,352,17,335,0.4092292613636362,short:240;long:112,trend:187;chop:165,<0.55:212;0.60-0.65:39;0.75+:35;0.65-0.70:24;0.55-0.60:21;0.70-0.75:21,exposure:220;risk_total_exposure:68;horizon_disagree(agreement=1<2):23;low_conf(conf=0.089<thr=0.55@trend):2;low_conf(conf=0.236<thr=0.55@trend):1
NOTUSDT,-8105.11809309,12,0.4166666666666667,5,7,324.94129379,-5609.45892377,11,1,2026-05-05 14:16:07,2026-05-06 09:04:22,1,1,-82.22164589,0,0.0,0.0,0.0,long:1,-,-,bybit_closed_pnl:1,717,30,687,0.46356555090655543,short:475;long:242,chop:422;trend:295,<0.55:415;0.75+:199;0.55-0.60:29;0.70-0.75:29;0.65-0.70:25;0.60-0.65:20,exposure:655;horizon_disagree(agreement=1<2):6;low_conf(conf=0.316<thr=0.55@trend):2;low_conf(conf=0.122<thr=0.55@chop):1;low_conf(conf=0.524<thr=0.55@chop):1
