timestamp,trade_id,symbol,direction,entry_price,exit_price,size,leverage,entry_reason,exit_reason,sl_price,tp_price,pnl_gross,entry_fee,exit_fee,funding_fees,pnl_net,roi_pct,regime_at_entry,rsi_at_entry,adx_at_entry,atr_at_entry,duration_min
2026-04-12T03:14:54.840243,5c63fc88,DOGEUSDT,short,0.09138,0.09138,1000000,75,Случайная продажа,Случайное закрытие,0.09229380000000001,0.0904662,0.0,4112.099999999999,4112.099999999999,0.0,-8224.199999999999,-8.999999999999998,random,48.878114448027105,0,7.572801862698062e-05,1.2244187833333333
2026-04-12T03:31:03.567241,3fb0fd79,ETHUSDT,long,2218.6,2218.6,180.3,50,Случайная покупка,Случайное закрытие,2196.4139999999998,2240.786,0.0,12000.407399999998,12000.407399999998,0.0,-24000.814799999996,-5.999999999999999,random,43.83863198079739,0,1.5050166980759452,1.1983250833333334
2026-04-12T03:32:27.675640,51b9f345,SOLUSDT,long,82.55,82.55,4844.8,50,Случайная покупка,Случайное закрытие,81.72449999999999,83.3755,0.0,11998.1472,11998.1472,0.0,-23996.2944,-6.0,random,48.25638932361464,0,0.056434627333241213,1.2120618166666666
2026-04-12T03:32:39.755635,e795068d,XRPUSDT,short,1.3317,1.3317,300322.0,50,Случайная продажа,Случайное закрытие,1.3450170000000001,1.318383,0.0,11998.164222,11998.164222,0.0,-23996.328444,-5.999999999999999,random,42.0520289448271,0,0.0008406682255836801,2.39169495
2026-04-12T03:32:51.937570,b76bac8b,DOGEUSDT,short,0.09133,0.09133,4379058.0,50,Случайная продажа,Случайное закрытие,0.0922433,0.09041669999999999,0.0,11998.1810142,11998.1810142,0.0,-23996.3620284,-6.0,random,49.84164755413479,0,6.340885711990141e-05,2.4101863833333335
2026-04-12T03:34:37.789123,f1dfce7a,ETHUSDT,long,2218.6,2219.13,180.3,50,Случайная покупка,Случайное закрытие,2196.4139999999998,2240.786,4777.950000001804,12000.407399999998,12003.27417,0.0,-19225.731569998195,-4.806269719642567,random,43.83863198079739,0,1.5050166980759452,1.2531229333333334
2026-04-12T03:34:25.703181,d7612ea7,BTCUSDT,short,71713.7,71657.1,5.577,50,Случайная продажа,Случайное закрытие,72430.837,70996.563,15782.909999997566,11998.419146999999,11988.949401,0.0,-8204.458548002433,-2.0513848818293243,random,54.14978138250075,0,42.714139661846026,2.5559070333333334
2026-04-12T10:28:12.187065,4c40b6de,BTCUSDT,long,71589.5,71589.5,69.781,50,Случайная покупка,Случайное закрытие,70873.605,72305.395,0.0,149867.606985,149867.606985,0.0,-299735.21397,-5.999999999999999,random,51.04399224460164,0,18.216819677852893,0.3904771833333333
2026-04-12T10:28:47.494533,ad4899f8,BTCUSDT,short,71589.5,71589.5,69.781,50,Случайная продажа,Случайное закрытие,72305.395,70873.605,0.0,149867.606985,149867.606985,0.0,-299735.21397,-5.999999999999999,random,51.04399224460164,0,18.216819677852893,0.21062733333333333
2026-04-12T10:33:08.439339,85e74740,BTCUSDT,short,71559.5,71559.5,68.996,50,Случайная продажа,Случайное закрытие,72275.095,70843.905,0.0,148119.57786,148119.57786,0.0,-296239.15572,-6.0,random,42.492257856772405,0,17.442846564565663,0.9431797166666667
2026-04-12T10:34:49.533931,6158eb7d,BTCUSDT,long,71559.5,71559.5,68.996,50,Случайная покупка,Случайное закрытие,70843.905,72275.095,0.0,148119.57786,148119.57786,0.0,-296239.15572,-6.0,random,42.492257856772405,0,17.442846564565663,0.20969705
2026-04-12T10:35:24.839864,c6611851,BTCUSDT,long,71559.5,71559.5,68.996,50,Случайная покупка,Случайное закрытие,70843.905,72275.095,0.0,148119.57786,148119.57786,0.0,-296239.15572,-6.0,random,42.492257856772405,0,17.442846564565663,0.21100216666666669
2026-04-12T10:35:49.207717,c2df32bd,BTCUSDT,short,71559.5,71559.5,68.996,50,Случайная продажа,Случайное закрытие,72275.095,70843.905,0.0,148119.57786,148119.57786,0.0,-296239.15572,-6.0,random,42.492257856772405,0,17.442846564565663,0.20963451666666666
2026-04-12T10:51:06.923144,90c1803c,LINKUSDT,short,8.788,8.768,12500.0,1,Случайная продажа,Случайное закрытие,8.87588,8.70012,249.99999999999466,65.91,65.76,0.0,118.32999999999464,0.10771961766044118,random,38.363032418515665,0,0.0025026161415567126,2.6019113166666665
2026-04-12T10:52:06.421231,b5084b9f,ETHUSDT,short,2209.74,2209.74,17.1,1,Случайная продажа,Случайное закрытие,2231.8374,2187.6425999999997,0.0,22.671932399999996,22.671932399999996,0.0,-45.34386479999999,-0.12,random,32.246784926605315,0,0.8353340787876978,2.330473066666667
2026-04-12T11:02:59.043805,1ce2e2d6,XRPUSDT,long,1.33,1.33,1000000,5,Случайная покупка,Случайное закрытие,1.3167,1.3433000000000002,0.0,3989.9999999999995,3989.9999999999995,0.0,-7979.999999999999,-0.6,random,42.75303770919579,0,0.0005746006562200676,2.1868448999999996
2026-04-13T11:29:20.586774,0635c3b6,ETHUSDT,long,2185.56,2185.56,45.8,50,LONG: EMA9>EMA21,TP/SL from exchange,2095.733484,2406.5201159999997,0.0,2752.7128199999997,2752.7128199999997,0.0,-5505.4256399999995,-5.5,trend_bullish,56.31389882073843,31.219604765815824,1.2402470221847997,3.1126362666666667
2026-04-13T11:29:37.342270,48573988,SOLUSDT,long,81.85,81.85,1221.7,50,LONG: EMA9>EMA21,TP/SL from exchange,78.485965,90.125035,0.0,2749.8939874999996,2749.8939874999996,0.0,-5499.787974999999,-5.5,chop,54.102065660779154,18.347189157973038,0.04742141431823644,2.864381633333333
2026-04-13T11:29:53.939821,579bd168,DOGEUSDT,long,0.09092,0.09092,1099868.0,50,LONG: EMA9>EMA21,TP/SL from exchange,0.087183188,0.100112012,0.0,2749.9999604000004,2749.9999604000004,0.0,-5499.999920800001,-5.500000000000001,chop,59.690985805479826,27.468816672357104,3.199700019671663e-05,2.6179260166666665
2026-04-13T11:30:10.502802,b349765c,XRPUSDT,long,1.3256,1.3256,75438.0,50,LONG: EMA9>EMA21,TP/SL from exchange,1.2711178399999998,1.4596181599999998,0.0,2750.016852,2750.016852,0.0,-5500.033704,-5.500000000000001,chop,56.17508446206173,27.715484329988872,0.0004871566055266037,2.3735339
2026-04-13T11:31:10.089159,248eacf5,AVAXUSDT,long,9.033,9.033,11070.5,50,LONG: EMA9>EMA21,TP/SL from exchange,8.661743699999999,9.946236299999999,0.0,2749.9952287500005,2749.9952287500005,0.0,-5499.990457500001,-5.500000000000002,chop,54.67863180595154,27.4574471904102,0.008279107895827847,1.4605467166666666
2026-04-13T11:32:03.015655,b570bc58,BTCUSDT,long,70836.0,70836.0,1.412,50,LONG: EMA9>EMA21,TP/SL from exchange,67924.6404,77997.5196,0.0,2750.5618799999997,2750.5618799999997,0.0,-5501.1237599999995,-5.499999999999999,chop,55.055223524562656,26.6873423091684,26.78983724662944,0.7374371333333334
2026-04-13T11:30:53.274343,045ed592,ADAUSDT,long,0.2382,0.2382,419815.0,50,LONG: EMA9>EMA21,TP/SL from exchange,0.22840997999999998,0.26228202,0.0,2749.9981575,2749.9981575,0.0,-5499.996315,-5.5,chop,64.52116869978985,31.937570227124304,0.00017447658247306085,2.066583516666667
2026-04-13T11:31:27.016701,6ed34901,LINKUSDT,long,8.712,8.712,11478.4,50,LONG: EMA9>EMA21,TP/SL from exchange,8.3539368,9.5927832,0.0,2749.9950719999997,2749.9950719999997,0.0,-5499.990143999999,-5.5,chop,51.338581654415975,23.36755090408121,0.004630130676671009,1.5629323333333334
2026-04-13T11:31:46.198220,4571d054,DOTUSDT,short,1.1552,1.1552,21641.3,50,SHORT: EMA9<EMA21,TP/SL from exchange,1.20267872,1.03840928,0.0,687.5008184,687.5008184,0.0,-1375.0016368,-5.5,trend_bearish,41.743865305254126,21.467651709126734,0.0021018335282433813,3.1696975333333333
2026-04-13T11:48:09.451507,8e5d7da6,ETHUSDT,long,2189.43,2189.43,45.7,50,LONG: EMA9>EMA21,TP/SL from exchange,2187.6784559999996,2193.8088599999996,0.0,2751.5661525,2751.5661525,0.0,-5503.132305,-5.5,chop,70.3556650159214,37.6841599514493,1.264694497797861,1.5723522166666666
2026-04-13T11:49:52.916067,8a42e72d,ADAUSDT,long,0.2384,0.2384,419463.0,50,LONG: EMA9>EMA21,TP/SL from exchange,0.23820928,0.2388768,0.0,2749.999428,2749.999428,0.0,-5499.998856,-5.5,chop,60.585688395987255,31.43049017401419,0.0001605123663272414,0.489419
2026-04-13T11:50:09.765566,cd173318,AVAXUSDT,long,9.074,9.074,11020.5,50,LONG: EMA9>EMA21,TP/SL from exchange,9.0667408,9.092148,0.0,2750.0004675,2750.0004675,0.0,-5500.000935,-5.500000000000001,chop,71.2467659506105,49.768668085258014,0.007903985379266837,0.2252219
2026-04-13T11:51:09.290634,1c0d2e7e,BTCUSDT,long,70930.9,70930.9,1.41,50,LONG: EMA9>EMA21,TP/SL from exchange,70874.15527999999,71072.7618,0.0,2750.3456475,2750.3456475,0.0,-5500.691295,-5.5,chop,68.06336404916675,29.97875928694383,33.889429165486185,0.10075191666666666
2026-04-13T11:50:26.298193,e53274fd,LINKUSDT,long,8.73,8.73,11454.8,50,LONG: EMA9>EMA21,TP/SL from exchange,8.723016,8.74746,0.0,2750.0111100000004,2750.0111100000004,0.0,-5500.022220000001,-5.500000000000001,trend_bullish,67.50574359000407,31.63242559203127,0.004555373599487255,0.95642015
2026-04-13T13:24:12.841756,6040c7b7,DOGEUSDT,short,0.09126,0.09126,1095770.0,50,SHORT: EMA9<EMA21,TP/SL from exchange,0.09491039999999999,0.082134,0.0,2749.9991805,2749.9991805,0.0,-5499.998361,-5.5,chop,40.38786017552492,24.675037053126044,6.255448312244777e-05,1.2560269333333334
2026-04-13T13:24:29.304773,f089f909,XRPUSDT,long,1.3329,1.3329,75024.0,50,LONG: EMA9>EMA21,TP/SL from exchange,1.2795839999999998,1.46619,0.0,2749.9859640000004,2749.9859640000004,0.0,-5499.971928000001,-5.500000000000001,chop,59.51547307196241,24.78273522995175,0.001002407850335388,1.01709305
2026-04-13T13:24:45.831524,be2005c5,BNBUSDT,short,597.3,597.3,167.42,50,SHORT: EMA9<EMA21,TP/SL from exchange,621.192,537.5699999999999,0.0,2749.9990649999995,2749.9990649999995,0.0,-5499.998129999999,-5.5,chop,36.2641255962754,27.568178657894812,0.3063059919390348,0.7670085166666667
2026-04-13T13:25:02.350172,155287ca,ADAUSDT,short,0.2403,0.2403,416146.0,50,SHORT: EMA9<EMA21,TP/SL from exchange,0.24991200000000002,0.21627000000000002,0.0,2749.9968045000005,2749.9968045000005,0.0,-5499.993609000001,-5.500000000000001,trend_bullish,49.45603465702063,22.885067253464292,0.00026121346319152555,0.5151717666666666
2026-04-13T13:25:18.993327,43a4824e,AVAXUSDT,long,9.146,9.146,10933.7,50,LONG: EMA9>EMA21,TP/SL from exchange,8.78016,10.0606,0.0,2749.9895555000007,2749.9895555000007,0.0,-5499.9791110000015,-5.500000000000001,chop,58.88200622527697,25.496425101136925,0.009150561927827377,0.2596124
2026-04-13T14:04:43.440852,0db23915,BTCUSDT,long,71623.9,71623.9,1.396,50,LONG: EMA9>EMA21,TP/SL from exchange,70692.78929999999,74488.856,0.0,2749.6415209999996,2749.6415209999996,0.0,-5499.283041999999,-5.5,chop,66.95692548379921,34.91081224569485,115.89403015723441,4.3743545500000005
2026-04-13T14:02:04.757820,6beed39b,ETHUSDT,long,2210.61,2210.61,45.2,50,LONG: EMA9>EMA21,TP/SL from exchange,2122.1856000000002,2431.6710000000003,0.0,2747.7882300000006,2747.7882300000006,0.0,-5495.576460000001,-5.5,chop,61.817617076438594,29.473299757975145,5.297926478800908,7.036863366666666
2026-04-13T14:02:21.072794,bbf8a664,SOLUSDT,long,83.51,83.51,1197.5,50,LONG: EMA9>EMA21,TP/SL from exchange,80.1696,91.86100000000002,0.0,2750.0886875,2750.0886875,0.0,-5500.177375,-5.5,chop,66.66640554852907,33.758868578388544,0.18852041621538262,6.78140275
2026-04-13T14:02:37.501150,2673ea6d,DOGEUSDT,long,0.0917,0.0917,1090513.0,50,LONG: EMA9>EMA21,TP/SL from exchange,0.088032,0.10087000000000002,0.0,2750.0011577500004,2750.0011577500004,0.0,-5500.002315500001,-5.500000000000001,trend_bullish,61.139719619407785,30.128035775938233,0.00014335744101081878,6.524442783333333
2026-04-13T14:02:53.922535,aa36fced,XRPUSDT,long,1.3384,1.3384,74716.0,50,LONG: EMA9>EMA21,TP/SL from exchange,1.3210008,1.391936,0.0,2749.9970960000005,2749.9970960000005,0.0,-5499.994192000001,-5.500000000000001,chop,64.89244728442279,35.34784088041129,0.001880761942461793,6.267711833333333
2026-04-13T14:03:36.364635,5f07ea97,ADAUSDT,long,0.2422,0.2422,412882.0,50,LONG: EMA9>EMA21,TP/SL from exchange,0.2390514,0.251888,0.0,2750.000561,2750.000561,0.0,-5500.001122,-5.5,trend_bullish,65.21100467944984,39.19546849111297,0.0005224977523619274,5.593220783333334
2026-04-13T14:03:52.728285,ac5935e4,AVAXUSDT,long,9.233,9.233,10830.7,50,LONG: EMA9>EMA21,TP/SL from exchange,9.112971,9.60232,0.0,2749.9959602500003,2749.9959602500003,0.0,-5499.991920500001,-5.5,trend_bullish,58.681934952946044,27.39514914746666,0.023822225180105593,5.337605266666667
2026-04-13T14:04:09.105172,743be212,LINKUSDT,long,8.825,8.825,11331.4,50,LONG: EMA9>EMA21,TP/SL from exchange,8.710275,9.177999999999999,0.0,2749.9891375,2749.9891375,0.0,-5499.978275,-5.500000000000001,chop,61.110224392064524,32.322800707493094,0.018386911732858304,5.081616100000001
2026-04-13T14:04:27.455239,03ebc9c7,DOTUSDT,long,1.1706,1.1706,21356.6,50,LONG: EMA9>EMA21,TP/SL from exchange,1.1553822,1.217424,0.0,687.5009889,687.5009889,0.0,-1375.0019778,-5.5,trend_bullish,47.19753855008383,14.432657217752833,0.0027093425032643096,4.792897366666667
2026-04-13T14:11:17.241736,a49c06c8,DOGEUSDT,long,0.09162,0.09162,1091465.0,50,LONG: EMA9>EMA21,TP/SL from exchange,0.09042893999999999,0.0952848,0.0,2750.0006407499995,2750.0006407499995,0.0,-5500.001281499999,-5.5,trend_bullish,53.569943592134564,30.024491369847546,0.0001280371660205046,4.621492566666666
2026-04-13T14:11:36.593559,8bdb0dad,XRPUSDT,long,1.3347,1.3347,74923.0,50,LONG: EMA9>EMA21,TP/SL from exchange,1.3173489,1.388088,0.0,2749.99252275,2749.99252275,0.0,-5499.9850455,-5.5,chop,48.20085688949179,29.31292851191424,0.001701314336472619,4.31533705
2026-04-13T14:09:17.085910,4582a3c2,ADAUSDT,short,0.2408,0.2408,415282.0,50,SHORT: EMA9<EMA21,TP/SL from exchange,0.24393039999999996,0.23116799999999998,0.0,2749.997404,2749.997404,0.0,-5499.994808,-5.500000000000001,chop,45.575874404009454,26.259159161308446,0.00047127608925724213,6.676246866666667
2026-04-13T14:09:34.184477,7340e735,AVAXUSDT,short,9.191,9.191,10880.2,50,SHORT: EMA9<EMA21,TP/SL from exchange,9.310483,8.823360000000001,0.0,2749.9977505000006,2749.9977505000006,0.0,-5499.995501000001,-5.500000000000001,trend_bullish,46.733453868563004,17.72605726799682,0.019710919210466894,6.412503133333333
2026-04-13T14:09:50.171465,2700d966,LINKUSDT,long,8.804,8.804,11358.5,50,LONG: EMA9>EMA21,TP/SL from exchange,8.689548,9.15616,0.0,2750.0064350000002,2750.0064350000002,0.0,-5500.0128700000005,-5.500000000000001,trend_bullish,53.224997145534836,26.47307751156135,0.017321224187903085,6.1639848
2026-04-13T14:10:09.589532,f620c847,DOTUSDT,short,1.1704,1.1704,21360.2,50,SHORT: EMA9<EMA21,TP/SL from exchange,1.1856152,1.1235840000000001,0.0,687.4993972000002,687.4993972000002,0.0,-1374.9987944000004,-5.500000000000001,trend_bullish,47.45920929780192,11.23604845969885,0.002378871813153148,5.856942366666667
2026-04-13T14:10:27.699116,7e2758d1,BTCUSDT,long,71524.7,71524.7,1.398,50,LONG: EMA9>EMA21,TP/SL from exchange,70594.8789,74385.688,0.0,2749.7670915,2749.7670915,0.0,-5499.534183,-5.500000000000001,chop,58.83001044629502,29.250186433589317,108.30547080428612,5.673878866666667
2026-04-13T14:10:44.624920,3b6b2eb7,ETHUSDT,long,2206.74,2206.74,45.3,50,LONG: EMA9>EMA21,TP/SL from exchange,2178.0523799999996,2295.0096,0.0,2749.046355,2749.046355,0.0,-5498.09271,-5.500000000000001,chop,55.902260608670225,23.71095416046996,4.800267071547345,5.409890016666666
2026-04-13T14:11:00.816822,d662c82b,SOLUSDT,long,83.2,83.2,1201.9,50,LONG: EMA9>EMA21,TP/SL from exchange,82.11840000000001,86.528,0.0,2749.9472000000005,2749.9472000000005,0.0,-5499.894400000001,-5.5,chop,52.59708751950656,27.28234816225483,0.15579180189390912,5.1595677
2026-04-13T14:16:21.158808,7cc230bf,DOTUSDT,short,1.1677,1.1677,21409.6,50,SHORT: EMA9<EMA21,Stop Loss triggered,1.1688676999999998,1.1630292,0.0,687.4997228,687.4997228,0.0,-1374.9994456,-5.500000000000001,chop,39.94537317766685,11.046664629299846,0.0019793266293844087,0.8145862666666667
2026-04-13T14:17:16.803485,c1b14373,SOLUSDT,short,83.07,83.07,37.6,50,SHORT: EMA9<EMA21,Stop Loss triggered,83.15306999999999,82.73772,0.0,85.89438,85.89438,0.0,-171.78876,-5.5,trend_bullish,46.832906884125734,18.181217295335447,0.13426334017218897,0.13368291666666668
2026-04-13T14:16:02.074658,6749be82,LINKUSDT,long,8.797,8.797,11367.5,50,LONG: EMA9>EMA21,Stop Loss triggered,8.788203000000001,8.832188,0.0,2749.9971812500003,2749.9971812500003,0.0,-5499.9943625000005,-5.5,trend_bullish,50.5737672449293,21.292715471273052,0.014851720771120947,1.4849326833333334
2026-04-13T14:16:38.195773,079af991,BTCUSDT,long,71544.8,71544.8,1.398,50,LONG: EMA9>EMA21,Stop Loss triggered,71473.2552,71830.9792,0.0,2750.539836,2750.539836,0.0,-5501.079672,-5.5,trend_bullish,58.239712239812064,26.13589253758467,93.45019846939643,1.1746888833333335
2026-04-13T14:49:29.182262,ada572e1,ETHUSDT,long,2221.89,2221.89,45.0,50,EMA startup position (long) - EMA9 > EMA21 (bullish crossover),Stop Loss triggered,2219.66811,2230.77756,0.0,2749.5888749999995,2749.5888749999995,0.0,-5499.177749999999,-5.499999999999999,mad_mode,49.420981781403384,37.905507126138055,22.218899999999998,0.18422965
2026-04-13T14:49:35.832526,182fde50,AVAXUSDT,long,9.243,9.243,10819.0,50,EMA startup position (long) - EMA9 > EMA21 (bullish crossover),Stop Loss triggered,9.233757,9.279972,0.0,2750.0004675000005,2750.0004675000005,0.0,-5500.000935000001,-5.500000000000001,mad_mode,61.22520769850334,33.531833884632015,0.09243,0.18204273333333332
2026-04-13T14:49:36.975486,0cc8f03a,LINKUSDT,long,8.857,8.857,11290.5,50,EMA startup position (long) - EMA9 > EMA21 (bullish crossover),Stop Loss triggered,8.848142999999999,8.892427999999999,0.0,2749.99885875,2749.99885875,0.0,-5499.9977175,-5.500000000000001,mad_mode,57.60189547932681,32.91116915152761,0.08857,0.18066971666666667
2026-04-13T14:49:30.306633,84814c12,SOLUSDT,long,83.31,83.31,1200.3,50,EMA startup position (long) - EMA9 > EMA21 (bullish crossover),Stop Loss triggered,83.22669,83.64324,0.0,2749.9173075000003,2749.9173075000003,0.0,-5499.834615000001,-5.500000000000001,mad_mode,44.62479408038359,22.44759047312839,0.8331000000000001,0.45185705
2026-04-13T14:49:34.775259,d164d194,ADAUSDT,long,0.2419,0.2419,413394.0,50,EMA startup position (long) - EMA9 > EMA21 (bullish crossover),Stop Loss triggered,0.24165810000000001,0.24286760000000002,0.0,2750.0002365,2750.0002365,0.0,-5500.000473,-5.5,mad_mode,54.39875791772057,20.352434579877436,0.002419,0.4490744
2026-04-13T14:49:28.115706,34d911d9,BTCUSDT,long,71958.8,71958.8,1.39,50,EMA startup position (long) - EMA9 > EMA21 (bullish crossover),Stop Loss triggered,71886.84120000001,72246.6352,0.0,2750.6251300000004,2750.6251300000004,0.0,-5501.250260000001,-5.500000000000001,mad_mode,57.137336117518444,32.514271668420406,719.5880000000001,0.7147232166666666
2026-04-13T14:49:31.355496,0bea29a3,DOGEUSDT,long,0.09199,0.09199,1087075.0,50,EMA startup position (long) - EMA9 > EMA21 (bullish crossover),Stop Loss triggered,0.09189801,0.09235796,0.0,2750.0008043750004,2750.0008043750004,0.0,-5500.001608750001,-5.5,mad_mode,49.551042449935835,20.046942377775782,0.0009199000000000001,0.7140260666666667
2026-04-13T14:49:32.418201,f5a0f8ce,XRPUSDT,long,1.3401,1.3401,74621.0,50,EMA startup position (long) - EMA9 > EMA21 (bullish crossover),Stop Loss triggered,1.3387599000000001,1.3454604000000001,0.0,2749.9890577500005,2749.9890577500005,0.0,-5499.978115500001,-5.500000000000001,mad_mode,51.25010711613808,23.591421244453482,0.013401000000000001,0.7149380666666667
2026-04-13T14:53:00.133875,f49f8f53,AVAXUSDT,long,9.23,9.23,10834.2,50,EMA startup position (long) - EMA9 > EMA21 (bullish crossover),Stop Loss triggered,9.211540000000001,9.28538,0.0,2749.9908150000006,2749.9908150000006,0.0,-5499.981630000001,-5.500000000000001,mad_mode,44.61338007435491,30.818510561045148,0.09230000000000001,5.670402866666667
2026-04-13T14:53:01.160408,eb669002,LINKUSDT,long,8.836,8.836,11317.3,50,EMA startup position (long) - EMA9 > EMA21 (bullish crossover),Stop Loss triggered,8.818328000000001,8.889016,0.0,2749.990727,2749.990727,0.0,-5499.981454,-5.5,mad_mode,31.58292886022437,27.921197386262964,0.08836000000000001,5.670652633333333
2026-04-13T14:52:52.886816,c766b271,BTCUSDT,long,71883.7,71883.7,1.391,50,EMA startup position (long) - EMA9 > EMA21 (bullish crossover),Stop Loss triggered,71739.9326,72315.0022,0.0,2749.73123425,2749.73123425,0.0,-5499.4624685,-5.5,mad_mode,48.210658119517475,31.633621239828333,718.837,5.944822716666667
2026-04-13T14:52:53.963346,4cc27af0,ETHUSDT,long,2219.56,2219.56,45.1,50,EMA startup position (long) - EMA9 > EMA21 (bullish crossover),Stop Loss triggered,2215.12088,2232.87736,0.0,2752.80929,2752.80929,0.0,-5505.61858,-5.5,mad_mode,45.60678855706377,34.238763833846946,22.1956,5.944297433333333
2026-04-13T14:52:54.966983,a140db18,SOLUSDT,long,83.21,83.21,1201.8,50,EMA startup position (long) - EMA9 > EMA21 (bullish crossover),Stop Loss triggered,83.04357999999999,83.70926,0.0,2750.048895,2750.048895,0.0,-5500.09779,-5.5,mad_mode,42.15831524344434,17.76485124423625,0.8321,5.944895766666666
2026-04-13T14:52:56.009661,66ffe820,DOGEUSDT,long,0.09189,0.09189,1088258.0,50,EMA startup position (long) - EMA9 > EMA21 (bullish crossover),Stop Loss triggered,0.09170622,0.09244134,0.0,2750.00075955,2750.00075955,0.0,-5500.0015191,-5.500000000000001,mad_mode,37.650701809956466,16.272679811929894,0.0009189000000000001,5.944911766666666
2026-04-13T14:52:59.106104,b725e3f9,ADAUSDT,long,0.2414,0.2414,414250.0,50,EMA startup position (long) - EMA9 > EMA21 (bullish crossover),Stop Loss triggered,0.2409172,0.2428484,0.0,2749.998625,2749.998625,0.0,-5499.99725,-5.500000000000001,mad_mode,38.41838876819173,15.725716484210347,0.002414,5.945403933333334
2026-04-13T15:15:41.349109,61e20474,AVAXUSDT,long,9.284,9.284,10771.2,50,EMA startup position (long) - EMA9 > EMA21 (bullish crossover),Stop Loss triggered,9.265432,9.339704000000001,0.0,2749.9950720000006,2749.9950720000006,0.0,-5499.990144000001,-5.5,mad_mode,58.443070303150705,18.842412653029857,0.09284,5.6829469999999995
2026-04-13T15:37:56.506604,be7bb3a8,ADAUSDT,short,0.2391,0.2391,418235.0,50,EMA startup position (short) - EMA9 < EMA21 (bearish crossover),Stop Loss triggered,0.23957820000000002,0.2376654,0.0,2749.9996837500007,2749.9996837500007,0.0,-5499.999367500001,-5.500000000000001,mad_mode,40.21516650972599,26.906584878182848,0.0023910000000000003,3.3854792833333334
2026-04-13T15:37:51.480566,a349f138,ETHUSDT,short,2200.81,2200.81,45.4,50,EMA startup position (short) - EMA9 < EMA21 (bearish crossover),Stop Loss triggered,2205.21162,2187.60514,0.0,2747.711285,2747.711285,0.0,-5495.42257,-5.5,mad_mode,18.390353943147602,44.80569685741331,22.0081,3.65749695
2026-04-13T15:50:44.860567,a8eed525,ADAUSDT,short,0.2389,0.2389,418585.0,50,EMA startup position (short) - EMA9 < EMA21 (bearish crossover),Stop Loss triggered,0.2393778,0.2374666,0.0,2749.99880375,2749.99880375,0.0,-5499.9976075,-5.500000000000001,mad_mode,28.94622891833319,20.19416902579955,0.002389,3.4795128833333333
2026-04-13T15:50:43.854753,7047e6a9,BNBUSDT,short,601.2,601.2,166.334,50,EMA startup position (short) - EMA9 < EMA21 (bearish crossover),Stop Loss triggered,602.4024000000001,597.5928,0.0,2750.000022,2750.000022,0.0,-5500.000044,-5.5,mad_mode,61.63982293452518,18.284978141508585,6.0120000000000005,4.7895408
2026-04-13T15:50:46.866576,fec54b22,LINKUSDT,short,8.799,8.799,11364.9,50,EMA startup position (short) - EMA9 < EMA21 (bearish crossover),Stop Loss triggered,8.816597999999999,8.746205999999999,0.0,2749.99326525,2749.99326525,0.0,-5499.9865305,-5.500000000000001,mad_mode,51.951801266281805,28.263043720345305,0.08799,5.3613390999999995
2026-04-13T15:50:39.862961,d28c6edf,ETHUSDT,short,2203.22,2203.22,45.4,50,EMA startup position (short) - EMA9 < EMA21 (bearish crossover),Stop Loss triggered,2207.62644,2190.0006799999996,0.0,2750.72017,2750.72017,0.0,-5501.44034,-5.500000000000001,mad_mode,37.16579206357808,44.77897920316991,22.0322,5.646020316666666
2026-04-13T15:50:40.858885,397f1c4a,SOLUSDT,short,82.42,82.42,1213.3,50,EMA startup position (short) - EMA9 < EMA21 (bearish crossover),Stop Loss triggered,82.58484,81.92548000000001,0.0,2750.005115,2750.005115,0.0,-5500.01023,-5.5,mad_mode,42.38354639466643,38.57865958354739,0.8242,5.665023783333334
2026-04-13T15:50:45.867795,be62e6e2,AVAXUSDT,short,9.184,9.184,10888.5,50,EMA startup position (short) - EMA9 < EMA21 (bearish crossover),Stop Loss triggered,9.202368,9.128896,0.0,2749.99956,2749.99956,0.0,-5499.99912,-5.500000000000001,mad_mode,60.87282863440904,48.31576564998598,0.09183999999999999,7.409712633333333
2026-04-13T16:12:12.081671,103c1a52,ADAUSDT,short,0.239,0.239,418410.0,50,EMA startup position (short) - EMA9 < EMA21 (bearish crossover),Stop Loss triggered,0.239478,0.237566,0.0,2749.999725,2749.999725,0.0,-5499.99945,-5.500000000000001,mad_mode,57.1428075068975,27.383758957188014,0.0023899999999999998,4.580620033333333
2026-04-13T16:12:06.160733,d6de142c,ETHUSDT,long,2213.8,2213.8,45.2,50,EMA startup position (long) - EMA9 > EMA21 (bullish crossover),Stop Loss triggered,2209.3724,2227.0828,0.0,2751.7534,2751.7534,0.0,-5503.5068,-5.499999999999999,mad_mode,76.97643518637364,25.661490410829636,22.138,5.148968033333333
2026-04-13T16:12:07.319614,40197212,SOLUSDT,long,82.86,82.86,1206.9,50,EMA startup position (long) - EMA9 > EMA21 (bullish crossover),Stop Loss triggered,82.69428,83.35716,0.0,2750.1026850000003,2750.1026850000003,0.0,-5500.205370000001,-5.5,mad_mode,81.25226511120268,20.03063268787158,0.8286,5.16538665
2026-04-13T16:12:08.581553,75aa07ba,DOGEUSDT,short,0.09164,0.09164,1091227.0,50,EMA startup position (short) - EMA9 < EMA21 (bearish crossover),Stop Loss triggered,0.09182328,0.09109016,0.0,2750.0011627000004,2750.0011627000004,0.0,-5500.002325400001,-5.500000000000001,mad_mode,68.47094966570786,33.85128203312478,0.0009164,5.177058983333334
2026-04-13T16:12:09.695642,9aced603,XRPUSDT,long,1.3344,1.3344,74940.0,50,EMA startup position (long) - EMA9 > EMA21 (bullish crossover),Stop Loss triggered,1.3317312000000001,1.3424064,0.0,2749.99824,2749.99824,0.0,-5499.99648,-5.5,mad_mode,73.85560628429462,19.549337264330426,0.013344,5.1925565166666665
2026-04-13T16:12:10.890852,b3f1fb3b,BNBUSDT,long,604.9,604.9,165.317,50,EMA startup position (long) - EMA9 > EMA21 (bullish crossover),Stop Loss triggered,603.6902,608.5294,0.0,2750.0069657500003,2750.0069657500003,0.0,-5500.013931500001,-5.500000000000001,mad_mode,79.67071679502304,33.74741629565339,6.0489999999999995,5.204018216666666
2026-04-13T16:16:48.061174,24b6f273,ADAUSDT,long,0.239,0.239,418410.0,50,Auto-reverse after SL (short),Stop Loss triggered,0.23852199999999998,0.24043399999999998,0.0,2749.999725,2749.999725,0.0,-5499.99945,-5.500000000000001,mad_mode,50,20,0.0023899999999999998,0.61821495
2026-04-13T16:12:13.294486,c062515a,AVAXUSDT,long,9.2,9.2,10869.6,50,EMA startup position (long) - EMA9 > EMA21 (bullish crossover),Stop Loss triggered,9.1816,9.255199999999999,0.0,2750.0088,2750.0088,0.0,-5500.0176,-5.500000000000001,mad_mode,53.67917751893148,25.85763527106266,0.092,5.22978085
2026-04-13T16:12:14.405752,c2c89b4a,LINKUSDT,long,8.821,8.821,11336.6,50,EMA startup position (long) - EMA9 > EMA21 (bullish crossover),Stop Loss triggered,8.803358,8.873925999999999,0.0,2750.0040865,2750.0040865,0.0,-5500.008173,-5.5,mad_mode,62.55335466865855,14.332757513844992,0.08821,5.244894016666667
2026-04-13T16:12:05.108298,d448c949,BTCUSDT,long,71958.9,71958.9,1.39,50,EMA startup position (long) - EMA9 > EMA21 (bullish crossover),Stop Loss triggered,71814.9822,72390.6534,0.0,2750.6289524999997,2750.6289524999997,0.0,-5501.2579049999995,-5.5,mad_mode,74.80269100726305,12.997793230526566,719.5889999999999,5.549858599999999
2026-04-13T16:17:16.146964,fc9bf198,ETHUSDT,short,2213.8,2213.8,45.2,50,Auto-reverse after SL (long),Stop Loss triggered,2218.2276,2200.5172000000002,0.0,2751.7534,2751.7534,0.0,-5503.5068,-5.499999999999999,mad_mode,50,20,22.138,0.6775593833333333
2026-04-13T16:17:28.095721,abb461d0,AVAXUSDT,short,9.2,9.2,10869.6,50,Auto-reverse after SL (long),Stop Loss triggered,9.218399999999999,9.1448,0.0,2750.0088,2750.0088,0.0,-5500.0176,-5.500000000000001,mad_mode,50,20,0.092,0.79632865
2026-04-13T16:17:30.035834,3b18edfb,LINKUSDT,short,8.821,8.821,11336.6,50,Auto-reverse after SL (long),Stop Loss triggered,8.838642,8.768074,0.0,2750.0040865,2750.0040865,0.0,-5500.008173,-5.5,mad_mode,50,20,0.08821,0.7960329166666666
2026-04-13T16:17:18.242801,94df97c3,SOLUSDT,short,82.86,82.86,1206.9,50,Auto-reverse after SL (long),Stop Loss triggered,83.02571999999999,82.36284,0.0,2750.1026850000003,2750.1026850000003,0.0,-5500.205370000001,-5.5,mad_mode,50,20,0.8286,1.1760270666666666
2026-04-13T16:17:39.090915,36d37e16,BTCUSDT,short,71958.9,71958.9,1.39,50,Auto-reverse after SL (long),Stop Loss triggered,72102.81779999999,71527.1466,0.0,2750.6289524999997,2750.6289524999997,0.0,-5501.2579049999995,-5.5,mad_mode,50,20,719.5889999999999,2.46262255
2026-04-13T16:17:22.225675,9a001fee,XRPUSDT,short,1.3344,1.3344,74940.0,50,Auto-reverse after SL (long),Stop Loss triggered,1.3370688,1.3263936,0.0,2749.99824,2749.99824,0.0,-5499.99648,-5.5,mad_mode,50,20,0.013344,2.8296746500000003
2026-04-13T16:17:24.170471,83e7d1ed,BNBUSDT,short,604.9,604.9,165.317,50,Auto-reverse after SL (long),Stop Loss triggered,606.1098,601.2706,0.0,2750.0069657500003,2750.0069657500003,0.0,-5500.013931500001,-5.500000000000001,mad_mode,50,20,6.0489999999999995,2.8351162833333334
2026-04-13T17:20:08.397997,4eb6eaf3,ARBUSDT,long,0.11148,0.11148,897022.0,50,EMA startup position (long) - EMA9 > EMA21 (bullish crossover),Stop Loss triggered,0.11126,0.11215,0.0,2750.0003454000002,2750.0003454000002,0.0,-5500.0006908000005,-5.5,mad_mode,70.26559186561718,19.621565169157783,0.0011148,0.7452292
2026-04-13T17:20:03.400435,09c970af,ADAUSDT,short,0.2392,0.2392,418060.0,50,EMA startup position (short) - EMA9 < EMA21 (bearish crossover),Stop Loss triggered,0.2397,0.2378,0.0,2749.9986800000006,2749.9986800000006,0.0,-5499.997360000001,-5.500000000000001,mad_mode,82.7295828657643,13.267457907373524,0.002392,9.337946766666667
2026-04-13T17:20:02.400944,83d1261b,BNBUSDT,short,605.6,605.6,165.125,50,EMA startup position (short) - EMA9 < EMA21 (bearish crossover),Stop Loss triggered,606.8,602.0,0.0,2749.99175,2749.99175,0.0,-5499.9835,-5.500000000000001,mad_mode,55.1983613786086,17.583700920787255,6.056,10.202111433333332
2026-04-13T17:29:24.675518,637a8988,ADAUSDT,long,0.2392,0.2392,418060.0,50,Auto-reverse after SL (short),Stop Loss triggered,0.2387,0.2406,0.0,2749.9986800000006,2749.9986800000006,0.0,-5499.997360000001,-5.500000000000001,mad_mode,50,20,0.002392,0.8690185166666667
2026-04-13T17:20:04.409878,5dec8b13,AVAXUSDT,long,9.293,9.293,10760.8,50,EMA startup position (long) - EMA9 > EMA21 (bullish crossover),Stop Loss triggered,9.274,9.349,0.0,2750.003146,2750.003146,0.0,-5500.006292,-5.500000000000001,mad_mode,76.04959147329146,15.104979274855735,0.09293,10.241678033333333
2026-04-13T17:20:05.408754,cbbbd835,LINKUSDT,long,8.893,8.893,11244.8,50,EMA startup position (long) - EMA9 > EMA21 (bullish crossover),Stop Loss triggered,8.875,8.946,0.0,2750.0001760000005,2750.0001760000005,0.0,-5500.000352000001,-5.500000000000001,mad_mode,74.00409548415034,12.591450288714137,0.08893000000000001,10.2611161
2026-04-13T17:20:54.113624,1aeefe8f,ARBUSDT,short,0.11148,0.11148,897022.0,50,Auto-reverse after SL (long),Stop Loss triggered,0.1117,0.11081,0.0,2750.0003454000002,2750.0003454000002,0.0,-5500.0006908000005,-5.5,mad_mode,50,20,0.0011148,9.5254146
2026-04-13T17:19:58.340971,8145093c,ETHUSDT,long,2227.61,2227.61,44.9,50,EMA startup position (long) - EMA9 > EMA21 (bullish crossover),Stop Loss triggered,2223.15,2240.98,0.0,2750.5414475000002,2750.5414475000002,0.0,-5501.0828950000005,-5.500000000000001,mad_mode,72.1056215506383,13.156016338919603,22.276100000000003,10.754896133333334
2026-04-13T17:50:36.980385,d600f796,DOGEUSDT,short,0.09186,0.09186,1088613.0,50,EMA startup position (short) - EMA9 < EMA21 (bearish crossover),Stop Loss triggered,0.09204000000000001,0.09131,0.0,2749.99972995,2749.99972995,0.0,-5499.9994599,-5.500000000000001,mad_mode,25.932504833454914,17.37836180785171,0.0009186,3.9083958
2026-04-13T17:50:39.982283,41156d30,ADAUSDT,short,0.2391,0.2391,418235.0,50,EMA startup position (short) - EMA9 < EMA21 (bearish crossover),Stop Loss triggered,0.2396,0.23770000000000002,0.0,2749.9996837500007,2749.9996837500007,0.0,-5499.999367500001,-5.500000000000001,mad_mode,24.589593591006846,18.53818490564908,0.0023910000000000003,3.9346744
2026-04-13T17:50:51.192336,8d124127,SANDUSDT,short,0.07523,0.07523,1000000,50,EMA startup position (short) - EMA9 < EMA21 (bearish crossover),Stop Loss triggered,0.07538,0.07478,0.0,2068.8250000000003,2068.8250000000003,0.0,-4137.650000000001,-5.500000000000001,mad_mode,22.233536575990286,13.631762538778736,0.0007523,3.9526995833333336
2026-04-13T18:18:41.590741,c1be5764,ADAUSDT,short,0.2382,0.2382,419815.0,50,EMA startup position (short) - EMA9 < EMA21 (bearish crossover),Stop Loss triggered,0.23870000000000002,0.2368,0.0,2749.9981575,2749.9981575,0.0,-5499.996315,-5.5,mad_mode,58.374193126732074,36.96841868513254,0.002382,2.858295566666667
2026-04-13T18:18:46.127136,a731bdba,ARBUSDT,long,0.11091,0.11091,901632.0,50,EMA startup position (long) - EMA9 > EMA21 (bullish crossover),Stop Loss triggered,0.11069000000000001,0.11158000000000001,0.0,2750.0001408000003,2750.0001408000003,0.0,-5500.000281600001,-5.500000000000001,mad_mode,70.97379631706659,25.682074124325656,0.0011091,5.393055866666667
2026-04-13T18:18:36.395721,e682f81d,ETHUSDT,short,2224.85,2224.85,44.9,50,EMA startup position (short) - EMA9 < EMA21 (bearish crossover),Stop Loss triggered,2229.3,2211.5,0.0,2747.1335375000003,2747.1335375000003,0.0,-5494.267075000001,-5.500000000000001,mad_mode,41.42398771194093,20.627125911927752,22.2485,23.680080333333333
2026-04-13T18:18:43.859472,00a68a55,LINKUSDT,short,8.864,8.864,11281.6,50,EMA startup position (short) - EMA9 < EMA21 (bearish crossover),Stop Loss triggered,8.882,8.811,0.0,2750.0028160000006,2750.0028160000006,0.0,-5500.005632000001,-5.5,mad_mode,40.01589308446721,32.02487552585027,0.08864000000000001,25.8147079
2026-04-13T18:18:39.491449,3cd9a4ad,XRPUSDT,short,1.3369,1.3369,74800.0,50,EMA startup position (short) - EMA9 < EMA21 (bearish crossover),Stop Loss triggered,1.3396000000000001,1.3289,0.0,2750.0033000000003,2750.0033000000003,0.0,-5500.006600000001,-5.500000000000001,mad_mode,54.90505660641271,23.698244850055943,0.013369,37.74640361666666
2026-04-13T18:18:38.447399,43ff7d63,DOGEUSDT,short,0.09161,0.09161,1091584.0,50,EMA startup position (short) - EMA9 < EMA21 (bearish crossover),Stop Loss triggered,0.09179000000000001,0.09106,0.0,2750.0002816,2750.0002816,0.0,-5500.0005632,-5.5,mad_mode,70.06824445210542,38.460491436053495,0.0009161,42.70553401666667
2026-04-13T18:42:18.288420,b931646a,ETHUSDT,long,2224.85,2224.85,44.9,50,Auto-reverse after SL (short),Stop Loss triggered,2220.4003,2238.1991,0.0,2747.1335375000003,2747.1335375000003,0.0,-5494.267075000001,-5.500000000000001,mad_mode,50,20,22.2485,215.10642128333333
2026-04-13T18:18:40.540690,41a2d17b,BNBUSDT,short,604.6,604.6,165.399,50,EMA startup position (short) - EMA9 < EMA21 (bearish crossover),Stop Loss triggered,605.8000000000001,601.0,0.0,2750.0064735000005,2750.0064735000005,0.0,-5500.012947000001,-5.500000000000001,mad_mode,33.886812950749814,16.92203754717857,6.046,238.73977198333333
2026-04-13T23:46:30.982331,2444135b,SOLUSDT,long,86.41,86.41,1157.3,50,EMA startup position (long) - EMA9 > EMA21 (bullish crossover),Stop Loss triggered,86.24,86.93,0.0,2750.0630575,2750.0630575,0.0,-5500.126115,-5.500000000000001,mad_mode,37.41067219836147,31.578604698154084,0.8641,4.7058716333333335
2026-04-13T23:51:14.309919,63338bdb,SOLUSDT,short,86.41,86.41,1157.3,50,Auto-reverse after SL (long),Stop Loss triggered,86.58,85.89,0.0,2750.0630575,2750.0630575,0.0,-5500.126115,-5.500000000000001,mad_mode,50,20,0.8641,3.9725061
2026-04-13T23:46:29.846881,1562c1bd,ETHUSDT,long,2372.62,2372.62,42.1,50,EMA startup position (long) - EMA9 > EMA21 (bullish crossover),Stop Loss triggered,2367.87,2386.86,0.0,2746.9008049999998,2746.9008049999998,0.0,-5493.8016099999995,-5.5,mad_mode,46.43713629480413,35.51688245021851,23.7262,12.790506083333334
2026-04-14T00:20:35.836600,ac8c7a72,SOLUSDT,long,86.49,86.49,1156.2,50,EMA startup position (long) - EMA9 > EMA21 (bullish crossover),Stop Loss triggered,86.32000000000001,87.01,0.0,2749.9927949999997,2749.9927949999997,0.0,-5499.985589999999,-5.499999999999999,mad_mode,41.04921495639063,18.79822724603588,0.8649,1.1582855
2026-04-14T00:29:22.059669,823f5347,BTCUSDT,short,74203.4,74203.4,1.348,50,EMA startup position (short) - EMA9 < EMA21 (bearish crossover),Stop Loss triggered,74351.8,73758.2,0.0,2750.7200380000004,2750.7200380000004,0.0,-5501.440076000001,-5.500000000000001,mad_mode,33.63680082545426,26.91652581103538,742.034,4.478017500000001
2026-04-14T00:29:24.160770,9de4ae0a,SOLUSDT,short,86.15,86.15,1160.8,50,EMA startup position (short) - EMA9 < EMA21 (bearish crossover),Stop Loss triggered,86.32000000000001,85.63,0.0,2750.0803,2750.0803,0.0,-5500.1606,-5.5,mad_mode,18.774639843643286,17.691208600393335,0.8615,4.478415983333333
2026-04-14T00:29:25.218565,8a202f37,DOGEUSDT,short,0.0935,0.0935,1069519.0,50,EMA startup position (short) - EMA9 < EMA21 (bearish crossover),Stop Loss triggered,0.09369000000000001,0.09294000000000001,0.0,2750.00072875,2750.00072875,0.0,-5500.0014575,-5.5,mad_mode,46.723006001804116,27.298069319960355,0.0009350000000000001,4.478109666666667
2026-04-14T00:29:26.265372,eb84366f,XRPUSDT,short,1.3629,1.3629,73373.0,50,EMA startup position (short) - EMA9 < EMA21 (bearish crossover),Stop Loss triggered,1.3656000000000001,1.3547,0.0,2750.00169675,2750.00169675,0.0,-5500.0033935,-5.5,mad_mode,18.08878385856835,53.3587840403579,0.013629,4.47765325
2026-04-14T00:29:27.310250,f0471d3e,BNBUSDT,short,612.5,612.5,163.265,50,EMA startup position (short) - EMA9 < EMA21 (bearish crossover),Stop Loss triggered,613.7,608.8000000000001,0.0,2749.9948437499997,2749.9948437499997,0.0,-5499.9896874999995,-5.5,mad_mode,29.92691094897596,19.651423433455943,6.125,4.477429816666667
2026-04-14T00:29:28.346957,8d024c3c,ADAUSDT,short,0.2455,0.2455,407332.0,50,EMA startup position (short) - EMA9 < EMA21 (bearish crossover),Stop Loss triggered,0.24600000000000002,0.24400000000000002,0.0,2750.000165,2750.000165,0.0,-5500.00033,-5.5,mad_mode,14.155885996990065,40.05625935668581,0.002455,4.477498333333333
2026-04-14T00:29:29.409284,f6d31d07,AVAXUSDT,short,9.537,9.537,10485.5,50,EMA startup position (short) - EMA9 < EMA21 (bearish crossover),Stop Loss triggered,9.556000000000001,9.48,0.0,2750.0058712500004,2750.0058712500004,0.0,-5500.011742500001,-5.5,mad_mode,6.201766001354699,39.72047869520237,0.09537000000000001,4.476885333333333
2026-04-14T00:29:30.445549,33c7b43e,LINKUSDT,short,9.295,9.295,10758.5,50,EMA startup position (short) - EMA9 < EMA21 (bearish crossover),Stop Loss triggered,9.314,9.239,0.0,2750.0070812500003,2750.0070812500003,0.0,-5500.014162500001,-5.500000000000001,mad_mode,20.745818558975998,27.65658013765589,0.09295,4.476606833333333
2026-04-14T00:29:32.530087,52369dce,ARBUSDT,short,0.11236,0.11236,889996.0,50,EMA startup position (short) - EMA9 < EMA21 (bearish crossover),Stop Loss triggered,0.11258000000000001,0.11169000000000001,0.0,2749.9986404,2749.9986404,0.0,-5499.9972808,-5.5,mad_mode,27.816805498189055,43.7271013131287,0.0011236,4.477159983333333
2026-04-14T00:35:50.054942,eb8d3c23,DOGEUSDT,short,0.09352,0.09352,1069290.0,50,EMA startup position (short) - EMA9 < EMA21 (bearish crossover),Stop Loss triggered,0.09371,0.09296,0.0,2750.000022,2750.000022,0.0,-5500.000044,-5.5,mad_mode,53.70364675608362,27.56862807121339,0.0009352000000000001,0.3230572666666667
2026-04-14T00:35:54.451927,0640214d,AVAXUSDT,short,9.517,9.517,10507.5,50,EMA startup position (short) - EMA9 < EMA21 (bearish crossover),Stop Loss triggered,9.536,9.46,0.0,2749.9966312499996,2749.9966312499996,0.0,-5499.993262499999,-5.5,mad_mode,37.295806416378824,51.14046307611404,0.09516999999999999,0.3328423666666666
2026-04-14T00:49:55.426249,629095a2,SOLUSDT,short,85.89,85.89,1164.3,50,EMA startup position (short) - EMA9 < EMA21 (bearish crossover),Stop Loss triggered,85.98,85.63,0.0,2750.0474925,2750.0474925,0.0,-5500.094985,-5.5,mad_mode,13.08223104762736,23.10194000968403,0.8589,0.75529635
2026-04-14T00:49:56.489007,a2927a7a,DOGEUSDT,long,0.09401,0.09401,1063717.0,50,EMA startup position (long) - EMA9 > EMA21 (bullish crossover),Stop Loss triggered,0.09392,0.09429000000000001,0.0,2750.0009671750004,2750.0009671750004,0.0,-5500.001934350001,-5.500000000000001,mad_mode,67.50078418114302,27.067192957727112,0.0009401,1.1821743333333332
2026-04-14T00:51:08.617493,f4709d25,DOGEUSDT,short,0.09401,0.09401,1063717.0,50,Auto-reverse after SL (long),Stop Loss triggered,0.0941,0.09373000000000001,0.0,2750.0009671750004,2750.0009671750004,0.0,-5500.001934350001,-5.500000000000001,mad_mode,50,20,0.0009401,0.8203039833333333
2026-04-14T01:04:19.315275,e5b2f6a7,ETHUSDT,short,2356.6,2356.6,42.4,50,EMA startup position (short) - EMA9 < EMA21 (bearish crossover),Stop Loss triggered,2361.31,2342.46,0.0,2747.7956000000004,2747.7956000000004,0.0,-5495.591200000001,-5.500000000000001,mad_mode,30.621993441910135,30.880486981955023,23.566,0.3181388
2026-04-14T01:04:20.342330,48b90af1,SOLUSDT,short,85.8,85.8,1165.5,50,EMA startup position (short) - EMA9 < EMA21 (bearish crossover),Stop Loss triggered,85.97,85.29,0.0,2749.9972500000003,2749.9972500000003,0.0,-5499.994500000001,-5.500000000000001,mad_mode,33.35915555091488,24.761985182196025,0.858,1.0773210333333334
2026-04-14T01:04:24.398948,db0843a3,ADAUSDT,short,0.2441,0.2441,409668.0,50,EMA startup position (short) - EMA9 < EMA21 (bearish crossover),Stop Loss triggered,0.2446,0.2426,0.0,2749.9988670000002,2749.9988670000002,0.0,-5499.9977340000005,-5.5,mad_mode,29.2068699714343,34.280557142481605,0.002441,1.0905182666666666
2026-04-14T01:04:25.400935,ac8ce646,AVAXUSDT,short,9.47,9.47,10559.7,50,EMA startup position (short) - EMA9 < EMA21 (bearish crossover),Stop Loss triggered,9.489,9.413,0.0,2750.0098725000003,2750.0098725000003,0.0,-5500.0197450000005,-5.5,mad_mode,16.106983336751014,37.07880874747027,0.0947,1.1065202166666666
2026-04-14T01:04:18.121770,36c7d396,BTCUSDT,short,74054.7,74054.7,1.35,50,EMA startup position (short) - EMA9 < EMA21 (bearish crossover),Stop Loss triggered,74202.8,73610.40000000001,0.0,2749.2807375,2749.2807375,0.0,-5498.561475,-5.5,mad_mode,34.309472171272944,29.722871045558826,740.547,2.3089670166666663
2026-04-14T01:04:22.421263,c9a635dd,XRPUSDT,short,1.36,1.36,73529.0,50,EMA startup position (short) - EMA9 < EMA21 (bearish crossover),Stop Loss triggered,1.3627,1.3518000000000001,0.0,2749.9846000000002,2749.9846000000002,0.0,-5499.9692000000005,-5.5,mad_mode,35.50489417173243,30.693536154699448,0.013600000000000001,2.3169266
2026-04-14T01:40:37.619681,034ff055,SOLUSDT,short,85.93,85.93,1163.7,50,EMA startup position (short) - EMA9 < EMA21 (bearish crossover),Stop Loss triggered,86.10000000000001,85.41,0.0,2749.910377500001,2749.910377500001,0.0,-5499.820755000002,-5.500000000000001,mad_mode,66.06953951298979,21.66533002219825,0.8593000000000001,8.894731583333334
2026-04-14T01:59:32.888478,cece9519,NEARUSDT,long,1.4136,1.4136,70741.0,50,EMA startup position (long) - EMA9 > EMA21 (bullish crossover),Stop Loss triggered,1.4108,1.4221000000000001,0.0,2749.985634,2749.985634,0.0,-5499.971268,-5.5,mad_mode,71.40588334219869,13.447394111228444,0.014136,1.0990269833333335
2026-04-14T01:59:33.909918,99b591cb,LDOUSDT,short,0.348,0.348,287356.322,50,EMA startup position (short) - EMA9 < EMA21 (bearish crossover),Stop Loss triggered,0.3487,0.34590000000000004,0.0,2750.00000154,2750.00000154,0.0,-5500.00000308,-5.500000000000001,mad_mode,36.92049339986197,33.507964655235476,0.00348,1.90583525
2026-04-14T01:59:26.035779,e1734755,AVAXUSDT,long,9.494,9.494,10533.0,50,EMA startup position (long) - EMA9 > EMA21 (bullish crossover),Stop Loss triggered,9.475,9.551,0.0,2750.008305,2750.008305,0.0,-5500.01661,-5.5,mad_mode,16.386962770293408,28.05811573767803,0.09494,3.1046526666666665
2026-04-14T01:59:25.055370,40fb8e3a,ADAUSDT,short,0.2451,0.2451,407997.0,50,EMA startup position (short) - EMA9 < EMA21 (bearish crossover),Stop Loss triggered,0.2456,0.2436,0.0,2750.0017792500003,2750.0017792500003,0.0,-5500.0035585000005,-5.5,mad_mode,26.506341346377383,16.467343918642843,0.002451,5.735337416666667
2026-04-14T01:59:28.974306,9dfdcb09,ARBUSDT,short,0.11221,0.11221,891186.0,50,EMA startup position (short) - EMA9 < EMA21 (bearish crossover),Stop Loss triggered,0.11243000000000002,0.11154000000000001,0.0,2749.9994791500003,2749.9994791500003,0.0,-5499.998958300001,-5.5,mad_mode,15.494455480684564,17.848432445147264,0.0011221,6.191338283333334
2026-04-14T01:59:36.004896,e6fce039,SANDUSDT,short,0.07845,0.07845,1000000,50,EMA startup position (short) - EMA9 < EMA21 (bearish crossover),Stop Loss triggered,0.07861000000000001,0.07798000000000001,0.0,2157.375,2157.375,0.0,-4314.75,-5.5,mad_mode,14.223392429704006,14.721679242416931,0.0007845,6.209066533333333
2026-04-14T01:59:30.904474,9efee5f4,INJUSDT,short,3.025,3.025,33057.851,50,EMA startup position (short) - EMA9 < EMA21 (bearish crossover),Stop Loss triggered,3.031,3.007,0.0,2749.9999800625,2749.9999800625,0.0,-5499.999960125,-5.499999999999999,mad_mode,15.718902441710142,16.155627046692803,0.03025,7.5093286
2026-04-14T02:16:26.158371,041f2f27,ARBUSDT,short,0.11223,0.11223,891027.0,50,EMA startup position (short) - EMA9 < EMA21 (bearish crossover),Stop Loss triggered,0.11240000000000001,0.11178,0.0,2749.998905775,2749.998905775,0.0,-5499.99781155,-5.5,mad_mode,33.39382451484012,15.219070193470172,0.0011223,0.3276324166666667
2026-04-14T02:16:23.087745,90d97108,AVAXUSDT,short,9.461,9.461,10569.7,50,EMA startup position (short) - EMA9 < EMA21 (bearish crossover),Stop Loss triggered,9.475,9.423,0.0,2749.998121750001,2749.998121750001,0.0,-5499.996243500002,-5.500000000000001,mad_mode,26.24632500799639,27.78347248652048,0.09461,1.1486205333333332
2026-04-14T02:16:25.132035,88d9e313,DOTUSDT,short,1.2101,1.2101,82637.8,50,EMA startup position (short) - EMA9 < EMA21 (bearish crossover),Stop Loss triggered,1.2119,1.2053,0.0,2750.0000489500003,2750.0000489500003,0.0,-5500.000097900001,-5.5,mad_mode,8.23204901360485,13.79728294123222,0.012101,2.6958541333333335
2026-04-14T02:16:31.400052,e4b58f47,LDOUSDT,long,0.3496,0.3496,286041.19,50,EMA startup position (long) - EMA9 > EMA21 (bullish crossover),Stop Loss triggered,0.3491,0.35100000000000003,0.0,2750.0000006600008,2750.0000006600008,0.0,-5500.0000013200015,-5.500000000000001,mad_mode,64.10741721544653,33.51491480245967,0.0034960000000000004,3.5433320666666663
2026-04-14T02:16:46.794393,43b8c79a,ARBUSDT,long,0.11223,0.11223,891027.0,50,Auto-reverse after SL (short),Stop Loss triggered,0.11206,0.11268,0.0,2749.998905775,2749.998905775,0.0,-5499.99781155,-5.5,mad_mode,50,20,0.0011223,4.058792783333334
2026-04-14T02:29:11.966746,9b03dc0a,LDOUSDT,long,0.3504,0.3504,285388.128,50,EMA startup position (long) - EMA9 > EMA21 (bullish crossover),Stop Loss triggered,0.34990000000000004,0.3518,0.0,2750.0000014080006,2750.0000014080006,0.0,-5500.000002816001,-5.500000000000001,mad_mode,52.798692004539625,33.287450134163635,0.003504,1.07980465
2026-04-14T02:29:00.577124,c2fa1e58,DOGEUSDT,long,0.09367,0.09367,1067578.0,75,EMA startup position (long) - EMA9 > EMA21 (bullish crossover),Stop Loss triggered,0.09353,0.09404000000000001,0.0,4125.001289475001,4125.001289475001,0.0,-8250.002578950001,-8.250000000000002,mad_mode,57.311826230537044,13.985781849144997,0.0009367000000000001,1.48856175
2026-04-14T02:29:05.291541,c95b7908,LINKUSDT,long,9.255,9.255,10805.0,50,EMA startup position (long) - EMA9 > EMA21 (bullish crossover),Stop Loss triggered,9.241,9.292,0.0,2750.0075625,2750.0075625,0.0,-5500.015125,-5.499999999999999,mad_mode,60.69849463351502,28.994863101301068,0.09255000000000001,1.51262465
2026-04-14T02:29:06.194509,297009db,DOTUSDT,short,1.2114,1.2114,82549.1,50,EMA startup position (short) - EMA9 < EMA21 (bearish crossover),Stop Loss triggered,1.2132,1.2066000000000001,0.0,2749.9994428500004,2749.9994428500004,0.0,-5499.998885700001,-5.5,mad_mode,66.71759545496374,14.017943038451572,0.012114,1.5337252333333333
2026-04-14T02:29:07.161155,469cc66d,ARBUSDT,long,0.11256,0.11256,888415.0,50,EMA startup position (long) - EMA9 > EMA21 (bullish crossover),Stop Loss triggered,0.11239,0.11301000000000001,0.0,2749.9997909999997,2749.9997909999997,0.0,-5499.9995819999995,-5.5,mad_mode,50.179369863273664,19.16230135399627,0.0011256,1.5518822
2026-04-14T02:29:11.015812,05eaf12d,NEARUSDT,long,1.4148,1.4148,70681.0,50,EMA startup position (long) - EMA9 > EMA21 (bullish crossover),Stop Loss triggered,1.4127,1.4205,0.0,2749.985667,2749.985667,0.0,-5499.971334,-5.5,mad_mode,74.86383648557559,9.521179300961732,0.014148,1.5732307333333333
2026-04-14T02:28:58.682613,51fed294,ETHUSDT,long,2371.1,2371.1,42.2,100,EMA startup position (long) - EMA9 > EMA21 (bullish crossover),Stop Loss triggered,2367.54,2380.58,0.0,5503.3231000000005,5503.3231000000005,0.0,-11006.646200000001,-11.000000000000002,mad_mode,30.5811203669069,40.65492937848416,23.711,1.9811465166666666
2026-04-14T02:29:01.558945,ccc05495,XRPUSDT,long,1.3683,1.3683,73083.0,100,EMA startup position (long) - EMA9 > EMA21 (bullish crossover),Stop Loss triggered,1.3662,1.3738000000000001,0.0,5499.970789500001,5499.970789500001,0.0,-10999.941579000002,-11.000000000000002,mad_mode,67.85618493893347,24.443152406389817,0.013683,2.00159555
2026-04-14T02:29:12.931307,ff39ff17,APEUSDT,short,0.08905,0.08905,1000000,50,EMA startup position (short) - EMA9 < EMA21 (bearish crossover),Stop Loss triggered,0.08918000000000001,0.08869,0.0,2448.875,2448.875,0.0,-4897.75,-5.5,mad_mode,48.104966636664244,14.263434557809324,0.0008905,2.0342743666666667
2026-04-14T02:28:59.596311,12c8617a,SOLUSDT,long,86.19,86.19,1160.2,100,EMA startup position (long) - EMA9 > EMA21 (bullish crossover),Stop Loss triggered,86.06,86.53,0.0,5499.87009,5499.87009,0.0,-10999.74018,-11.0,mad_mode,49.80583275337802,34.07644344252485,0.8619,2.441938266666667
2026-04-14T02:28:57.648797,6139cdb3,BTCUSDT,long,74413.2,74413.2,1.344,100,EMA startup position (long) - EMA9 > EMA21 (bullish crossover),Stop Loss triggered,74301.6,74710.90000000001,0.0,5500.623744,5500.623744,0.0,-11001.247488,-11.0,mad_mode,25.193873656626934,37.098590273224026,744.132,4.519389833333333
2026-04-14T02:29:03.473851,1414c871,ADAUSDT,short,0.2457,0.2457,407000.0,75,EMA startup position (short) - EMA9 < EMA21 (bearish crossover),Stop Loss triggered,0.2461,0.2447,0.0,4124.9958750000005,4124.9958750000005,0.0,-8249.991750000001,-8.250000000000002,mad_mode,57.26507221313899,13.21317367875208,0.002457,4.549005516666667
2026-04-14T02:30:37.064775,c7a0dc6e,LINKUSDT,short,9.255,9.255,10805.0,50,Auto-reverse after SL (long),Stop Loss triggered,9.269,9.218,0.0,2750.0075625,2750.0075625,0.0,-5500.015125,-5.499999999999999,mad_mode,50,20,0.09255000000000001,3.4857713
2026-04-14T02:29:09.087974,7a15d91c,INJUSDT,long,3.033,3.033,32970.656,50,EMA startup position (long) - EMA9 > EMA21 (bullish crossover),Stop Loss triggered,3.028,3.045,0.0,2749.9999903200005,2749.9999903200005,0.0,-5499.999980640001,-5.5,mad_mode,58.77677510289943,25.852802253297234,0.03033,5.4839811833333325
2026-04-14T02:30:41.298436,26c1a656,ARBUSDT,short,0.11256,0.11256,888415.0,50,Auto-reverse after SL (long),Stop Loss triggered,0.11273000000000001,0.11211000000000002,0.0,2749.9997909999997,2749.9997909999997,0.0,-5499.9995819999995,-5.5,mad_mode,50,20,0.0011256,5.225790833333334
2026-04-14T02:29:02.499317,b464c6ab,BNBUSDT,long,613.7,613.7,162.946,50,EMA startup position (long) - EMA9 > EMA21 (bullish crossover),Stop Loss triggered,612.8000000000001,616.2,0.0,2749.9989055,2749.9989055,0.0,-5499.997811,-5.5,mad_mode,60.023985057410236,21.532381589123908,6.1370000000000005,7.211349016666667
2026-04-14T02:29:08.105637,4a7fdbc3,OPUSDT,short,0.11425,0.11425,875274.0,50,EMA startup position (short) - EMA9 < EMA21 (bearish crossover),Stop Loss triggered,0.11442000000000001,0.11379000000000002,0.0,2750.00149875,2750.00149875,0.0,-5500.0029975,-5.5,mad_mode,47.57877313312545,15.273830545943952,0.0011425,7.22771895
2026-04-14T02:30:17.738751,4660b7fd,LDOUSDT,short,0.3504,0.3504,285388.128,50,Auto-reverse after SL (long),Stop Loss triggered,0.3509,0.34900000000000003,0.0,2750.0000014080006,2750.0000014080006,0.0,-5500.000002816001,-5.500000000000001,mad_mode,50,20,0.003504,6.147385383333333
2026-04-14T02:35:55.831681,d7cb3dd0,ARBUSDT,long,0.11256,0.11256,888415.0,50,Auto-reverse after SL (short),Stop Loss triggered,0.11239,0.11301000000000001,0.0,2749.9997909999997,2749.9997909999997,0.0,-5499.9995819999995,-5.5,mad_mode,50,20,0.0011256,4.327879766666666
2026-04-14T02:36:27.532673,d7e4a2c5,LDOUSDT,long,0.3504,0.3504,285388.128,50,Auto-reverse after SL (short),Stop Loss triggered,0.34990000000000004,0.3518,0.0,2750.0000014080006,2750.0000014080006,0.0,-5500.000002816001,-5.500000000000001,mad_mode,50,20,0.003504,3.897173266666667
2026-04-14T02:30:46.426823,c9f5ff2f,NEARUSDT,short,1.4148,1.4148,70681.0,50,Auto-reverse after SL (long),Stop Loss triggered,1.4169,1.4091,0.0,2749.985667,2749.985667,0.0,-5499.971334,-5.5,mad_mode,50,20,0.014148,9.99522085
2026-04-14T02:29:13.881441,765cde1a,SANDUSDT,short,0.07842,0.07842,1000000,50,EMA startup position (short) - EMA9 < EMA21 (bearish crossover),Stop Loss triggered,0.07854000000000001,0.07811000000000001,0.0,2156.55,2156.55,0.0,-4313.1,-5.500000000000001,mad_mode,33.364947603369686,30.388305458730912,0.0007842000000000001,12.428836733333332
2026-04-14T02:36:22.726973,b4db3cd6,OPUSDT,long,0.11425,0.11425,875274.0,50,Auto-reverse after SL (short),Stop Loss triggered,0.11408000000000001,0.11471,0.0,2750.00149875,2750.00149875,0.0,-5500.0029975,-5.5,mad_mode,50,20,0.0011425,8.081238133333333
2026-04-14T02:34:39.203540,8f05143b,INJUSDT,short,3.033,3.033,32970.656,50,Auto-reverse after SL (long),Stop Loss triggered,3.0380000000000003,3.021,0.0,2749.9999903200005,2749.9999903200005,0.0,-5499.999980640001,-5.5,mad_mode,50,20,0.03033,13.926974099999999
2026-04-14T02:31:27.121633,dc11e4f2,SOLUSDT,short,86.19,86.19,1160.2,100,Auto-reverse after SL (long),Stop Loss triggered,86.32000000000001,85.85000000000001,0.0,5499.87009,5499.87009,0.0,-10999.74018,-11.0,mad_mode,50,20,0.8619,17.39195296666667
2026-04-14T02:36:16.137082,c0281870,BNBUSDT,short,613.7,613.7,162.946,50,Auto-reverse after SL (long),Stop Loss triggered,614.6,611.2,0.0,2749.9989055,2749.9989055,0.0,-5499.997811,-5.5,mad_mode,50,20,6.1370000000000005,13.547811216666666
2026-04-14T02:40:47.124447,f6347c32,NEARUSDT,long,1.4148,1.4148,70681.0,50,Auto-reverse after SL (short),Stop Loss triggered,1.4127,1.4205,0.0,2749.985667,2749.985667,0.0,-5499.971334,-5.5,mad_mode,50,20,0.014148,10.908460666666667
2026-04-14T02:29:14.845810,d0763fca,MANAUSDT,short,0.08835,0.08835,1000000,25,EMA startup position (short) - EMA9 < EMA21 (bearish crossover),Stop Loss triggered,0.08848,0.08800000000000001,0.0,1214.8125,1214.8125,0.0,-2429.625,-2.75,mad_mode,24.845057162773088,18.21287589814602,0.0008835,24.176107166666668
2026-04-14T04:18:43.775563,840ccd80,SANDUSDT,short,0.07825,0.07825,1000000,50,EMA startup position (short) - EMA9 < EMA21 (bearish crossover),Stop Loss triggered,0.07837000000000001,0.07794000000000001,0.0,2151.875,2151.875,0.0,-4303.75,-5.5,mad_mode,37.46395558717791,11.483171148750895,0.0007825,0.37652661666666665
2026-04-14T04:17:59.892320,46dc01cf,AVAXUSDT,short,9.442,9.442,10591.0,50,EMA startup position (short) - EMA9 < EMA21 (bearish crossover),Stop Loss triggered,9.456,9.404,0.0,2750.0061050000004,2750.0061050000004,0.0,-5500.012210000001,-5.5,mad_mode,30.418364208211386,10.220516350162713,0.09442,2.27767935
2026-04-14T04:19:12.774929,887b730a,SANDUSDT,long,0.07825,0.07825,1000000,50,Auto-reverse after SL (short),Stop Loss triggered,0.07813,0.07856,0.0,2151.875,2151.875,0.0,-4303.75,-5.5,mad_mode,50,20,0.0007825,12.401671383333333
